
================================================================================
Idx  | Range                     | Count      | Model Type      | Stats
--------------------------------------------------------------------------------
0    | [0, 149]                  | 57673200   | Fourier MLP     | Complex Neural Net
1    | [150, 299]                | 1092600    | Fourier MLP     | Complex Neural Net
2    | [300, 449]                | 495000     | Fourier MLP     | Complex Neural Net
3    | [450, 599]                | 300000     | Fourier MLP     | Complex Neural Net
4    | [600, 749]                | 196200     | Fourier MLP     | Complex Neural Net
5    | [750, 899]                | 154800     | Fourier MLP     | Complex Neural Net
6    | [900, 1049]               | 88200      | Fourier MLP     | Complex Neural Net
7    | [1050, 1199]              | 0          | Uniform         | 
8    | [1200, 1349]              | 0          | Uniform         | 
9    | [1350, 1499]              | 0          | Uniform         | 
10   | [1500, 1649]              | 0          | Uniform         | 
11   | [1650, 1799]              | 0          | Uniform         | 
12   | [1800, 1949]              | 0          | Uniform         | 
13   | [1950, 2099]              | 0          | Uniform         | 
14   | [2100, 2249]              | 0          | Uniform         | 
15   | [2250, 2399]              | 0          | Uniform         | 
16   | [2400, 2549]              | 0          | Uniform         | 
17   | [2550, 2699]              | 0          | Uniform         | 
18   | [2700, 2849]              | 0          | Uniform         | 
19   | [2850, 2999]              | 0          | Uniform         | 
20   | [3000, 3149]              | 0          | Uniform         | 
21   | [3150, 3299]              | 0          | Uniform         | 
22   | [3300, 3449]              | 0          | Uniform         | 
23   | [3450, 3599]              | 0          | Uniform         | 
24   | [3600, 3749]              | 0          | Uniform         | 
25   | [3750, 3899]              | 0          | Uniform         | 
26   | [3900, 4049]              | 0          | Uniform         | 
27   | [4050, 4199]              | 0          | Uniform         | 
28   | [4200, 4349]              | 0          | Uniform         | 
29   | [4350, 4499]              | 0          | Uniform         | 
30   | [4500, 4649]              | 0          | Uniform         | 
31   | [4650, 4799]              | 0          | Uniform         | 
32   | [4800, 4949]              | 0          | Uniform         | 
33   | [4950, 5099]              | 0          | Uniform         | 
34   | [5100, 5249]              | 0          | Uniform         | 
35   | [5250, 5399]              | 0          | Uniform         | 
36   | [5400, 5549]              | 0          | Uniform         | 
37   | [5550, 5699]              | 0          | Uniform         | 
38   | [5700, 5849]              | 0          | Uniform         | 
39   | [5850, 5999]              | 0          | Uniform         | 
40   | [6000, 6149]              | 0          | Uniform         | 
41   | [6150, 6299]              | 0          | Uniform         | 
42   | [6300, 6449]              | 0          | Uniform         | 
43   | [6450, 6599]              | 0          | Uniform         | 
44   | [6600, 6749]              | 0          | Uniform         | 
45   | [6750, 6899]              | 0          | Uniform         | 
46   | [6900, 7049]              | 0          | Uniform         | 
47   | [7050, 7199]              | 0          | Uniform         | 
48   | [7200, 7349]              | 0          | Uniform         | 
49   | [7350, 7499]              | 0          | Uniform         | 
50   | [7500, 7649]              | 0          | Uniform         | 
51   | [7650, 7799]              | 0          | Uniform         | 
52   | [7800, 7949]              | 0          | Uniform         | 
53   | [7950, 8099]              | 0          | Uniform         | 
54   | [8100, 8249]              | 0          | Uniform         | 
55   | [8250, 8399]              | 0          | Uniform         | 
56   | [8400, 8549]              | 0          | Uniform         | 
57   | [8550, 8699]              | 0          | Uniform         | 
58   | [8700, 8849]              | 0          | Uniform         | 
59   | [8850, 8999]              | 0          | Uniform         | 
60   | [9000, 9149]              | 0          | Uniform         | 
61   | [9150, 9299]              | 0          | Uniform         | 
62   | [9300, 9449]              | 0          | Uniform         | 
63   | [9450, 9599]              | 0          | Uniform         | 
64   | [9600, 9749]              | 0          | Uniform         | 
65   | [9750, 9899]              | 0          | Uniform         | 
66   | [9900, 10049]             | 0          | Uniform         | 
67   | [10050, 10199]            | 0          | Uniform         | 
68   | [10200, 10349]            | 0          | Uniform         | 
69   | [10350, 10499]            | 0          | Uniform         | 
70   | [10500, 10649]            | 0          | Uniform         | 
71   | [10650, 10799]            | 0          | Uniform         | 
72   | [10800, 10949]            | 0          | Uniform         | 
73   | [10950, 11099]            | 0          | Uniform         | 
74   | [11100, 11249]            | 0          | Uniform         | 
75   | [11250, 11399]            | 0          | Uniform         | 
76   | [11400, 11549]            | 0          | Uniform         | 
77   | [11550, 11699]            | 0          | Uniform         | 
78   | [11700, 11849]            | 0          | Uniform         | 
79   | [11850, 11999]            | 0          | Uniform         | 
80   | [12000, 12149]            | 0          | Uniform         | 
81   | [12150, 12299]            | 0          | Uniform         | 
82   | [12300, 12449]            | 0          | Uniform         | 
83   | [12450, 12599]            | 0          | Uniform         | 
84   | [12600, 12749]            | 0          | Uniform         | 
85   | [12750, 12899]            | 0          | Uniform         | 
86   | [12900, 13049]            | 0          | Uniform         | 
87   | [13050, 13199]            | 0          | Uniform         | 
88   | [13200, 13349]            | 0          | Uniform         | 
89   | [13350, 13499]            | 0          | Uniform         | 
90   | [13500, 13649]            | 0          | Uniform         | 
91   | [13650, 13799]            | 0          | Uniform         | 
92   | [13800, 13949]            | 0          | Uniform         | 
93   | [13950, 14099]            | 0          | Uniform         | 
94   | [14100, 14249]            | 0          | Uniform         | 
95   | [14250, 14399]            | 0          | Uniform         | 
96   | [14400, 14549]            | 0          | Uniform         | 
97   | [14550, 14699]            | 0          | Uniform         | 
98   | [14700, 14849]            | 0          | Uniform         | 
99   | [14850, 14999]            | 0          | Uniform         | 
100  | [15000, 15149]            | 0          | Uniform         | 
101  | [15150, 15299]            | 0          | Uniform         | 
102  | [15300, 15449]            | 0          | Uniform         | 
103  | [15450, 15599]            | 0          | Uniform         | 
104  | [15600, 15749]            | 0          | Uniform         | 
105  | [15750, 15899]            | 0          | Uniform         | 
106  | [15900, 16049]            | 0          | Uniform         | 
107  | [16050, 16199]            | 0          | Uniform         | 
108  | [16200, 16349]            | 0          | Uniform         | 
109  | [16350, 16499]            | 0          | Uniform         | 
110  | [16500, 16649]            | 0          | Uniform         | 
111  | [16650, 16799]            | 0          | Uniform         | 
112  | [16800, 16949]            | 0          | Uniform         | 
113  | [16950, 17099]            | 0          | Uniform         | 
114  | [17100, 17249]            | 0          | Uniform         | 
115  | [17250, 17399]            | 0          | Uniform         | 
116  | [17400, 17549]            | 0          | Uniform         | 
117  | [17550, 17699]            | 0          | Uniform         | 
118  | [17700, 17849]            | 0          | Uniform         | 
119  | [17850, 17999]            | 0          | Uniform         | 
120  | [18000, 18149]            | 0          | Uniform         | 
121  | [18150, 18299]            | 0          | Uniform         | 
122  | [18300, 18449]            | 0          | Uniform         | 
123  | [18450, 18599]            | 0          | Uniform         | 
124  | [18600, 18749]            | 0          | Uniform         | 
125  | [18750, 18899]            | 0          | Uniform         | 
126  | [18900, 19049]            | 0          | Uniform         | 
127  | [19050, 19199]            | 0          | Uniform         | 
128  | [19200, 19349]            | 0          | Uniform         | 
129  | [19350, 19499]            | 0          | Uniform         | 
130  | [19500, 19649]            | 0          | Uniform         | 
131  | [19650, 19799]            | 0          | Uniform         | 
132  | [19800, 19949]            | 0          | Uniform         | 
133  | [19950, 20099]            | 0          | Uniform         | 
134  | [20100, 20249]            | 0          | Uniform         | 
135  | [20250, 20399]            | 0          | Uniform         | 
136  | [20400, 20549]            | 0          | Uniform         | 
137  | [20550, 20699]            | 0          | Uniform         | 
138  | [20700, 20849]            | 0          | Uniform         | 
139  | [20850, 20999]            | 0          | Uniform         | 
140  | [21000, 21149]            | 0          | Uniform         | 
141  | [21150, 21299]            | 0          | Uniform         | 
142  | [21300, 21449]            | 0          | Uniform         | 
143  | [21450, 21599]            | 0          | Uniform         | 
144  | [21600, 21749]            | 0          | Uniform         | 
145  | [21750, 21899]            | 0          | Uniform         | 
146  | [21900, 22049]            | 0          | Uniform         | 
147  | [22050, 22199]            | 0          | Uniform         | 
148  | [22200, 22349]            | 0          | Uniform         | 
149  | [22350, 22499]            | 0          | Uniform         | 
150  | [22500, 22649]            | 0          | Uniform         | 
151  | [22650, 22799]            | 0          | Uniform         | 
152  | [22800, 22949]            | 0          | Uniform         | 
153  | [22950, 23099]            | 0          | Uniform         | 
154  | [23100, 23249]            | 0          | Uniform         | 
155  | [23250, 23399]            | 0          | Uniform         | 
156  | [23400, 23549]            | 0          | Uniform         | 
157  | [23550, 23699]            | 0          | Uniform         | 
158  | [23700, 23849]            | 0          | Uniform         | 
159  | [23850, 23999]            | 0          | Uniform         | 
160  | [24000, 24149]            | 0          | Uniform         | 
161  | [24150, 24299]            | 0          | Uniform         | 
162  | [24300, 24449]            | 0          | Uniform         | 
163  | [24450, 24599]            | 0          | Uniform         | 
164  | [24600, 24749]            | 0          | Uniform         | 
165  | [24750, 24899]            | 0          | Uniform         | 
166  | [24900, 25049]            | 0          | Uniform         | 
167  | [25050, 25199]            | 0          | Uniform         | 
168  | [25200, 25349]            | 0          | Uniform         | 
169  | [25350, 25499]            | 0          | Uniform         | 
170  | [25500, 25649]            | 0          | Uniform         | 
171  | [25650, 25799]            | 0          | Uniform         | 
172  | [25800, 25949]            | 0          | Uniform         | 
173  | [25950, 26099]            | 0          | Uniform         | 
174  | [26100, 26249]            | 0          | Uniform         | 
175  | [26250, 26399]            | 0          | Uniform         | 
176  | [26400, 26549]            | 0          | Uniform         | 
177  | [26550, 26699]            | 0          | Uniform         | 
178  | [26700, 26849]            | 0          | Uniform         | 
179  | [26850, 26999]            | 0          | Uniform         | 
180  | [27000, 27149]            | 0          | Uniform         | 
181  | [27150, 27299]            | 0          | Uniform         | 
182  | [27300, 27449]            | 0          | Uniform         | 
183  | [27450, 27599]            | 0          | Uniform         | 
184  | [27600, 27749]            | 0          | Uniform         | 
185  | [27750, 27899]            | 0          | Uniform         | 
186  | [27900, 28049]            | 0          | Uniform         | 
187  | [28050, 28199]            | 0          | Uniform         | 
188  | [28200, 28349]            | 0          | Uniform         | 
189  | [28350, 28499]            | 0          | Uniform         | 
190  | [28500, 28649]            | 0          | Uniform         | 
191  | [28650, 28799]            | 0          | Uniform         | 
192  | [28800, 28949]            | 0          | Uniform         | 
193  | [28950, 29099]            | 0          | Uniform         | 
194  | [29100, 29249]            | 0          | Uniform         | 
195  | [29250, 29399]            | 0          | Uniform         | 
196  | [29400, 29549]            | 0          | Uniform         | 
197  | [29550, 29699]            | 0          | Uniform         | 
198  | [29700, 29849]            | 0          | Uniform         | 
199  | [29850, 29999]            | 0          | Uniform         | 
200  | [30000, 30149]            | 0          | Uniform         | 
201  | [30150, 30299]            | 0          | Uniform         | 
202  | [30300, 30449]            | 0          | Uniform         | 
203  | [30450, 30599]            | 0          | Uniform         | 
204  | [30600, 30749]            | 0          | Uniform         | 
205  | [30750, 30899]            | 0          | Uniform         | 
206  | [30900, 31049]            | 0          | Uniform         | 
207  | [31050, 31199]            | 0          | Uniform         | 
208  | [31200, 31349]            | 0          | Uniform         | 
209  | [31350, 31499]            | 0          | Uniform         | 
210  | [31500, 31649]            | 0          | Uniform         | 
211  | [31650, 31799]            | 0          | Uniform         | 
212  | [31800, 31949]            | 0          | Uniform         | 
213  | [31950, 32099]            | 0          | Uniform         | 
214  | [32100, 32249]            | 0          | Uniform         | 
215  | [32250, 32399]            | 0          | Uniform         | 
216  | [32400, 32549]            | 0          | Uniform         | 
217  | [32550, 32699]            | 0          | Uniform         | 
218  | [32700, 32849]            | 0          | Uniform         | 
219  | [32850, 32999]            | 0          | Uniform         | 
220  | [33000, 33149]            | 0          | Uniform         | 
221  | [33150, 33299]            | 0          | Uniform         | 
222  | [33300, 33449]            | 0          | Uniform         | 
223  | [33450, 33599]            | 0          | Uniform         | 
224  | [33600, 33749]            | 0          | Uniform         | 
225  | [33750, 33899]            | 0          | Uniform         | 
226  | [33900, 34049]            | 0          | Uniform         | 
227  | [34050, 34199]            | 0          | Uniform         | 
228  | [34200, 34349]            | 0          | Uniform         | 
229  | [34350, 34499]            | 0          | Uniform         | 
230  | [34500, 34649]            | 0          | Uniform         | 
231  | [34650, 34799]            | 0          | Uniform         | 
232  | [34800, 34949]            | 0          | Uniform         | 
233  | [34950, 35099]            | 0          | Uniform         | 
234  | [35100, 35249]            | 0          | Uniform         | 
235  | [35250, 35399]            | 0          | Uniform         | 
236  | [35400, 35549]            | 0          | Uniform         | 
237  | [35550, 35699]            | 0          | Uniform         | 
238  | [35700, 35849]            | 0          | Uniform         | 
239  | [35850, 35999]            | 0          | Uniform         | 
240  | [36000, 36149]            | 0          | Uniform         | 
241  | [36150, 36299]            | 0          | Uniform         | 
242  | [36300, 36449]            | 0          | Uniform         | 
243  | [36450, 36599]            | 0          | Uniform         | 
244  | [36600, 36749]            | 0          | Uniform         | 
245  | [36750, 36899]            | 0          | Uniform         | 
246  | [36900, 37049]            | 0          | Uniform         | 
247  | [37050, 37199]            | 0          | Uniform         | 
248  | [37200, 37349]            | 0          | Uniform         | 
249  | [37350, 37499]            | 0          | Uniform         | 
250  | [37500, 37649]            | 0          | Uniform         | 
251  | [37650, 37799]            | 0          | Uniform         | 
252  | [37800, 37949]            | 0          | Uniform         | 
253  | [37950, 38099]            | 0          | Uniform         | 
254  | [38100, 38249]            | 0          | Uniform         | 
255  | [38250, 38399]            | 0          | Uniform         | 
256  | [38400, 38549]            | 0          | Uniform         | 
257  | [38550, 38699]            | 0          | Uniform         | 
258  | [38700, 38849]            | 0          | Uniform         | 
259  | [38850, 38999]            | 0          | Uniform         | 
260  | [39000, 39149]            | 0          | Uniform         | 
261  | [39150, 39299]            | 0          | Uniform         | 
262  | [39300, 39449]            | 0          | Uniform         | 
263  | [39450, 39599]            | 0          | Uniform         | 
264  | [39600, 39749]            | 0          | Uniform         | 
265  | [39750, 39899]            | 0          | Uniform         | 
266  | [39900, 40049]            | 0          | Uniform         | 
267  | [40050, 40199]            | 0          | Uniform         | 
268  | [40200, 40349]            | 0          | Uniform         | 
269  | [40350, 40499]            | 0          | Uniform         | 
270  | [40500, 40649]            | 0          | Uniform         | 
271  | [40650, 40799]            | 0          | Uniform         | 
272  | [40800, 40949]            | 0          | Uniform         | 
273  | [40950, 41099]            | 0          | Uniform         | 
274  | [41100, 41249]            | 0          | Uniform         | 
275  | [41250, 41399]            | 0          | Uniform         | 
276  | [41400, 41549]            | 0          | Uniform         | 
277  | [41550, 41699]            | 0          | Uniform         | 
278  | [41700, 41849]            | 0          | Uniform         | 
279  | [41850, 41999]            | 0          | Uniform         | 
280  | [42000, 42149]            | 0          | Uniform         | 
281  | [42150, 42299]            | 0          | Uniform         | 
282  | [42300, 42449]            | 0          | Uniform         | 
283  | [42450, 42599]            | 0          | Uniform         | 
284  | [42600, 42749]            | 0          | Uniform         | 
285  | [42750, 42899]            | 0          | Uniform         | 
286  | [42900, 43049]            | 0          | Uniform         | 
287  | [43050, 43199]            | 0          | Uniform         | 
288  | [43200, 43349]            | 0          | Uniform         | 
289  | [43350, 43499]            | 0          | Uniform         | 
290  | [43500, 43649]            | 0          | Uniform         | 
291  | [43650, 43799]            | 0          | Uniform         | 
292  | [43800, 43949]            | 0          | Uniform         | 
293  | [43950, 44099]            | 0          | Uniform         | 
294  | [44100, 44249]            | 0          | Uniform         | 
295  | [44250, 44399]            | 0          | Uniform         | 
296  | [44400, 44549]            | 0          | Uniform         | 
297  | [44550, 44699]            | 0          | Uniform         | 
298  | [44700, 44849]            | 0          | Uniform         | 
299  | [44850, 44999]            | 0          | Uniform         | 
300  | [45000, 45149]            | 0          | Uniform         | 
301  | [45150, 45299]            | 0          | Uniform         | 
302  | [45300, 45449]            | 0          | Uniform         | 
303  | [45450, 45599]            | 0          | Uniform         | 
304  | [45600, 45749]            | 0          | Uniform         | 
305  | [45750, 45899]            | 0          | Uniform         | 
306  | [45900, 46049]            | 0          | Uniform         | 
307  | [46050, 46199]            | 0          | Uniform         | 
308  | [46200, 46349]            | 0          | Uniform         | 
309  | [46350, 46499]            | 0          | Uniform         | 
310  | [46500, 46649]            | 0          | Uniform         | 
311  | [46650, 46799]            | 0          | Uniform         | 
312  | [46800, 46949]            | 0          | Uniform         | 
313  | [46950, 47099]            | 0          | Uniform         | 
314  | [47100, 47249]            | 0          | Uniform         | 
315  | [47250, 47399]            | 0          | Uniform         | 
316  | [47400, 47549]            | 0          | Uniform         | 
317  | [47550, 47699]            | 0          | Uniform         | 
318  | [47700, 47849]            | 0          | Uniform         | 
319  | [47850, 47999]            | 0          | Uniform         | 
320  | [48000, 48149]            | 0          | Uniform         | 
321  | [48150, 48299]            | 0          | Uniform         | 
322  | [48300, 48449]            | 0          | Uniform         | 
323  | [48450, 48599]            | 0          | Uniform         | 
324  | [48600, 48749]            | 0          | Uniform         | 
325  | [48750, 48899]            | 0          | Uniform         | 
326  | [48900, 49049]            | 0          | Uniform         | 
327  | [49050, 49199]            | 0          | Uniform         | 
328  | [49200, 49349]            | 0          | Uniform         | 
329  | [49350, 49499]            | 0          | Uniform         | 
330  | [49500, 49649]            | 0          | Uniform         | 
331  | [49650, 49799]            | 0          | Uniform         | 
332  | [49800, 49949]            | 0          | Uniform         | 
333  | [49950, 50099]            | 0          | Uniform         | 
334  | [50100, 50249]            | 0          | Uniform         | 
335  | [50250, 50399]            | 0          | Uniform         | 
336  | [50400, 50549]            | 0          | Uniform         | 
337  | [50550, 50699]            | 0          | Uniform         | 
338  | [50700, 50849]            | 0          | Uniform         | 
339  | [50850, 50999]            | 0          | Uniform         | 
340  | [51000, 51149]            | 0          | Uniform         | 
341  | [51150, 51299]            | 0          | Uniform         | 
342  | [51300, 51449]            | 0          | Uniform         | 
343  | [51450, 51599]            | 0          | Uniform         | 
344  | [51600, 51749]            | 0          | Uniform         | 
345  | [51750, 51899]            | 0          | Uniform         | 
346  | [51900, 52049]            | 0          | Uniform         | 
347  | [52050, 52199]            | 0          | Uniform         | 
348  | [52200, 52349]            | 0          | Uniform         | 
349  | [52350, 52499]            | 0          | Uniform         | 
350  | [52500, 52649]            | 0          | Uniform         | 
351  | [52650, 52799]            | 0          | Uniform         | 
352  | [52800, 52949]            | 0          | Uniform         | 
353  | [52950, 53099]            | 0          | Uniform         | 
354  | [53100, 53249]            | 0          | Uniform         | 
355  | [53250, 53399]            | 0          | Uniform         | 
356  | [53400, 53549]            | 0          | Uniform         | 
357  | [53550, 53699]            | 0          | Uniform         | 
358  | [53700, 53849]            | 0          | Uniform         | 
359  | [53850, 53999]            | 0          | Uniform         | 
360  | [54000, 54149]            | 0          | Uniform         | 
361  | [54150, 54299]            | 0          | Uniform         | 
362  | [54300, 54449]            | 0          | Uniform         | 
363  | [54450, 54599]            | 0          | Uniform         | 
364  | [54600, 54749]            | 0          | Uniform         | 
365  | [54750, 54899]            | 0          | Uniform         | 
366  | [54900, 55049]            | 0          | Uniform         | 
367  | [55050, 55199]            | 0          | Uniform         | 
368  | [55200, 55349]            | 0          | Uniform         | 
369  | [55350, 55499]            | 0          | Uniform         | 
370  | [55500, 55649]            | 0          | Uniform         | 
371  | [55650, 55799]            | 0          | Uniform         | 
372  | [55800, 55949]            | 0          | Uniform         | 
373  | [55950, 56099]            | 0          | Uniform         | 
374  | [56100, 56249]            | 0          | Uniform         | 
375  | [56250, 56399]            | 0          | Uniform         | 
376  | [56400, 56549]            | 0          | Uniform         | 
377  | [56550, 56699]            | 0          | Uniform         | 
378  | [56700, 56849]            | 0          | Uniform         | 
379  | [56850, 56999]            | 0          | Uniform         | 
380  | [57000, 57149]            | 0          | Uniform         | 
381  | [57150, 57299]            | 0          | Uniform         | 
382  | [57300, 57449]            | 0          | Uniform         | 
383  | [57450, 57599]            | 0          | Uniform         | 
384  | [57600, 57749]            | 0          | Uniform         | 
385  | [57750, 57899]            | 0          | Uniform         | 
386  | [57900, 58049]            | 0          | Uniform         | 
387  | [58050, 58199]            | 0          | Uniform         | 
388  | [58200, 58349]            | 0          | Uniform         | 
389  | [58350, 58499]            | 0          | Uniform         | 
390  | [58500, 58649]            | 0          | Uniform         | 
391  | [58650, 58799]            | 0          | Uniform         | 
392  | [58800, 58949]            | 0          | Uniform         | 
393  | [58950, 59099]            | 0          | Uniform         | 
394  | [59100, 59249]            | 0          | Uniform         | 
395  | [59250, 59399]            | 0          | Uniform         | 
396  | [59400, 59549]            | 0          | Uniform         | 
397  | [59550, 59699]            | 0          | Uniform         | 
398  | [59700, 59849]            | 0          | Uniform         | 
399  | [59850, 59999]            | 0          | Uniform         | 
400  | [60000, 60149]            | 0          | Uniform         | 
401  | [60150, 60299]            | 0          | Uniform         | 
402  | [60300, 60449]            | 0          | Uniform         | 
403  | [60450, 60599]            | 0          | Uniform         | 
404  | [60600, 60749]            | 0          | Uniform         | 
405  | [60750, 60899]            | 0          | Uniform         | 
406  | [60900, 61049]            | 0          | Uniform         | 
407  | [61050, 61199]            | 0          | Uniform         | 
408  | [61200, 61349]            | 0          | Uniform         | 
409  | [61350, 61499]            | 0          | Uniform         | 
410  | [61500, 61649]            | 0          | Uniform         | 
411  | [61650, 61799]            | 0          | Uniform         | 
412  | [61800, 61949]            | 0          | Uniform         | 
413  | [61950, 62099]            | 0          | Uniform         | 
414  | [62100, 62249]            | 0          | Uniform         | 
415  | [62250, 62399]            | 0          | Uniform         | 
416  | [62400, 62549]            | 0          | Uniform         | 
417  | [62550, 62699]            | 0          | Uniform         | 
418  | [62700, 62849]            | 0          | Uniform         | 
419  | [62850, 62999]            | 0          | Uniform         | 
420  | [63000, 63149]            | 0          | Uniform         | 
421  | [63150, 63299]            | 0          | Uniform         | 
422  | [63300, 63449]            | 0          | Uniform         | 
423  | [63450, 63599]            | 0          | Uniform         | 
424  | [63600, 63749]            | 0          | Uniform         | 
425  | [63750, 63899]            | 0          | Uniform         | 
426  | [63900, 64049]            | 0          | Uniform         | 
427  | [64050, 64199]            | 0          | Uniform         | 
428  | [64200, 64349]            | 0          | Uniform         | 
429  | [64350, 64499]            | 0          | Uniform         | 
430  | [64500, 64649]            | 0          | Uniform         | 
431  | [64650, 64799]            | 0          | Uniform         | 
432  | [64800, 64949]            | 0          | Uniform         | 
433  | [64950, 65099]            | 0          | Uniform         | 
434  | [65100, 65249]            | 0          | Uniform         | 
435  | [65250, 65399]            | 0          | Uniform         | 
436  | [65400, 65549]            | 0          | Uniform         | 
437  | [65550, 65699]            | 0          | Uniform         | 
438  | [65700, 65849]            | 0          | Uniform         | 
439  | [65850, 65999]            | 0          | Uniform         | 
440  | [66000, 66149]            | 0          | Uniform         | 
441  | [66150, 66299]            | 0          | Uniform         | 
442  | [66300, 66449]            | 0          | Uniform         | 
443  | [66450, 66599]            | 0          | Uniform         | 
444  | [66600, 66749]            | 0          | Uniform         | 
445  | [66750, 66899]            | 0          | Uniform         | 
446  | [66900, 67049]            | 0          | Uniform         | 
447  | [67050, 67199]            | 0          | Uniform         | 
448  | [67200, 67349]            | 0          | Uniform         | 
449  | [67350, 67499]            | 0          | Uniform         | 
450  | [67500, 67649]            | 0          | Uniform         | 
451  | [67650, 67799]            | 0          | Uniform         | 
452  | [67800, 67949]            | 0          | Uniform         | 
453  | [67950, 68099]            | 0          | Uniform         | 
454  | [68100, 68249]            | 0          | Uniform         | 
455  | [68250, 68399]            | 0          | Uniform         | 
456  | [68400, 68549]            | 0          | Uniform         | 
457  | [68550, 68699]            | 0          | Uniform         | 
458  | [68700, 68849]            | 0          | Uniform         | 
459  | [68850, 68999]            | 0          | Uniform         | 
460  | [69000, 69149]            | 0          | Uniform         | 
461  | [69150, 69299]            | 0          | Uniform         | 
462  | [69300, 69449]            | 0          | Uniform         | 
463  | [69450, 69599]            | 0          | Uniform         | 
464  | [69600, 69749]            | 0          | Uniform         | 
465  | [69750, 69899]            | 0          | Uniform         | 
466  | [69900, 70049]            | 0          | Uniform         | 
467  | [70050, 70199]            | 0          | Uniform         | 
468  | [70200, 70349]            | 0          | Uniform         | 
469  | [70350, 70499]            | 0          | Uniform         | 
470  | [70500, 70649]            | 0          | Uniform         | 
471  | [70650, 70799]            | 0          | Uniform         | 
472  | [70800, 70949]            | 0          | Uniform         | 
473  | [70950, 71099]            | 0          | Uniform         | 
474  | [71100, 71249]            | 0          | Uniform         | 
475  | [71250, 71399]            | 0          | Uniform         | 
476  | [71400, 71549]            | 0          | Uniform         | 
477  | [71550, 71699]            | 0          | Uniform         | 
478  | [71700, 71849]            | 0          | Uniform         | 
479  | [71850, 71999]            | 0          | Uniform         | 
480  | [72000, 72149]            | 0          | Uniform         | 
481  | [72150, 72299]            | 0          | Uniform         | 
482  | [72300, 72449]            | 0          | Uniform         | 
483  | [72450, 72599]            | 0          | Uniform         | 
484  | [72600, 72749]            | 0          | Uniform         | 
485  | [72750, 72899]            | 0          | Uniform         | 
486  | [72900, 73049]            | 0          | Uniform         | 
487  | [73050, 73199]            | 0          | Uniform         | 
488  | [73200, 73349]            | 0          | Uniform         | 
489  | [73350, 73499]            | 0          | Uniform         | 
490  | [73500, 73649]            | 0          | Uniform         | 
491  | [73650, 73799]            | 0          | Uniform         | 
492  | [73800, 73949]            | 0          | Uniform         | 
493  | [73950, 74099]            | 0          | Uniform         | 
494  | [74100, 74249]            | 0          | Uniform         | 
495  | [74250, 74399]            | 0          | Uniform         | 
496  | [74400, 74549]            | 0          | Uniform         | 
497  | [74550, 74699]            | 0          | Uniform         | 
498  | [74700, 74849]            | 0          | Uniform         | 
499  | [74850, 74999]            | 0          | Uniform         | 
500  | [75000, 75149]            | 0          | Uniform         | 
501  | [75150, 75299]            | 0          | Uniform         | 
502  | [75300, 75449]            | 0          | Uniform         | 
503  | [75450, 75599]            | 0          | Uniform         | 
504  | [75600, 75749]            | 0          | Uniform         | 
505  | [75750, 75899]            | 0          | Uniform         | 
506  | [75900, 76049]            | 0          | Uniform         | 
507  | [76050, 76199]            | 0          | Uniform         | 
508  | [76200, 76349]            | 0          | Uniform         | 
509  | [76350, 76499]            | 0          | Uniform         | 
510  | [76500, 76649]            | 0          | Uniform         | 
511  | [76650, 76799]            | 0          | Uniform         | 
512  | [76800, 76949]            | 0          | Uniform         | 
513  | [76950, 77099]            | 0          | Uniform         | 
514  | [77100, 77249]            | 0          | Uniform         | 
515  | [77250, 77399]            | 0          | Uniform         | 
516  | [77400, 77549]            | 0          | Uniform         | 
517  | [77550, 77699]            | 0          | Uniform         | 
518  | [77700, 77849]            | 0          | Uniform         | 
519  | [77850, 77999]            | 0          | Uniform         | 
520  | [78000, 78149]            | 0          | Uniform         | 
521  | [78150, 78299]            | 0          | Uniform         | 
522  | [78300, 78449]            | 0          | Uniform         | 
523  | [78450, 78599]            | 0          | Uniform         | 
524  | [78600, 78749]            | 0          | Uniform         | 
525  | [78750, 78899]            | 0          | Uniform         | 
526  | [78900, 79049]            | 0          | Uniform         | 
527  | [79050, 79199]            | 0          | Uniform         | 
528  | [79200, 79349]            | 0          | Uniform         | 
529  | [79350, 79499]            | 0          | Uniform         | 
530  | [79500, 79649]            | 0          | Uniform         | 
531  | [79650, 79799]            | 0          | Uniform         | 
532  | [79800, 79949]            | 0          | Uniform         | 
533  | [79950, 80099]            | 0          | Uniform         | 
534  | [80100, 80249]            | 0          | Uniform         | 
535  | [80250, 80399]            | 0          | Uniform         | 
536  | [80400, 80549]            | 0          | Uniform         | 
537  | [80550, 80699]            | 0          | Uniform         | 
538  | [80700, 80849]            | 0          | Uniform         | 
539  | [80850, 80999]            | 0          | Uniform         | 
540  | [81000, 81149]            | 0          | Uniform         | 
541  | [81150, 81299]            | 0          | Uniform         | 
542  | [81300, 81449]            | 0          | Uniform         | 
543  | [81450, 81599]            | 0          | Uniform         | 
544  | [81600, 81749]            | 0          | Uniform         | 
545  | [81750, 81899]            | 0          | Uniform         | 
546  | [81900, 82049]            | 0          | Uniform         | 
547  | [82050, 82199]            | 0          | Uniform         | 
548  | [82200, 82349]            | 0          | Uniform         | 
549  | [82350, 82499]            | 0          | Uniform         | 
550  | [82500, 82649]            | 0          | Uniform         | 
551  | [82650, 82799]            | 0          | Uniform         | 
552  | [82800, 82949]            | 0          | Uniform         | 
553  | [82950, 83099]            | 0          | Uniform         | 
554  | [83100, 83249]            | 0          | Uniform         | 
555  | [83250, 83399]            | 0          | Uniform         | 
556  | [83400, 83549]            | 0          | Uniform         | 
557  | [83550, 83699]            | 0          | Uniform         | 
558  | [83700, 83849]            | 0          | Uniform         | 
559  | [83850, 83999]            | 0          | Uniform         | 
560  | [84000, 84149]            | 0          | Uniform         | 
561  | [84150, 84299]            | 0          | Uniform         | 
562  | [84300, 84449]            | 0          | Uniform         | 
563  | [84450, 84599]            | 0          | Uniform         | 
564  | [84600, 84749]            | 0          | Uniform         | 
565  | [84750, 84899]            | 0          | Uniform         | 
566  | [84900, 85049]            | 0          | Uniform         | 
567  | [85050, 85199]            | 0          | Uniform         | 
568  | [85200, 85349]            | 0          | Uniform         | 
569  | [85350, 85499]            | 0          | Uniform         | 
570  | [85500, 85649]            | 0          | Uniform         | 
571  | [85650, 85799]            | 0          | Uniform         | 
572  | [85800, 85949]            | 0          | Uniform         | 
573  | [85950, 86099]            | 0          | Uniform         | 
574  | [86100, 86249]            | 0          | Uniform         | 
575  | [86250, 86399]            | 0          | Uniform         | 
576  | [86400, 86549]            | 0          | Uniform         | 
577  | [86550, 86699]            | 0          | Uniform         | 
578  | [86700, 86849]            | 0          | Uniform         | 
579  | [86850, 86999]            | 0          | Uniform         | 
580  | [87000, 87149]            | 0          | Uniform         | 
581  | [87150, 87299]            | 0          | Uniform         | 
582  | [87300, 87449]            | 0          | Uniform         | 
583  | [87450, 87599]            | 0          | Uniform         | 
584  | [87600, 87749]            | 0          | Uniform         | 
585  | [87750, 87899]            | 0          | Uniform         | 
586  | [87900, 88049]            | 0          | Uniform         | 
587  | [88050, 88199]            | 0          | Uniform         | 
588  | [88200, 88349]            | 0          | Uniform         | 
589  | [88350, 88499]            | 0          | Uniform         | 
590  | [88500, 88649]            | 0          | Uniform         | 
591  | [88650, 88799]            | 0          | Uniform         | 
592  | [88800, 88949]            | 0          | Uniform         | 
593  | [88950, 89099]            | 0          | Uniform         | 
594  | [89100, 89249]            | 0          | Uniform         | 
595  | [89250, 89399]            | 0          | Uniform         | 
596  | [89400, 89549]            | 0          | Uniform         | 
597  | [89550, 89699]            | 0          | Uniform         | 
598  | [89700, 89849]            | 0          | Uniform         | 
599  | [89850, 89999]            | 0          | Uniform         | 
600  | [90000, 90149]            | 0          | Uniform         | 
601  | [90150, 90299]            | 0          | Uniform         | 
602  | [90300, 90449]            | 0          | Uniform         | 
603  | [90450, 90599]            | 0          | Uniform         | 
604  | [90600, 90749]            | 0          | Uniform         | 
605  | [90750, 90899]            | 0          | Uniform         | 
606  | [90900, 91049]            | 0          | Uniform         | 
607  | [91050, 91199]            | 0          | Uniform         | 
608  | [91200, 91349]            | 0          | Uniform         | 
609  | [91350, 91499]            | 0          | Uniform         | 
610  | [91500, 91649]            | 0          | Uniform         | 
611  | [91650, 91799]            | 0          | Uniform         | 
612  | [91800, 91949]            | 0          | Uniform         | 
613  | [91950, 92099]            | 0          | Uniform         | 
614  | [92100, 92249]            | 0          | Uniform         | 
615  | [92250, 92399]            | 0          | Uniform         | 
616  | [92400, 92549]            | 0          | Uniform         | 
617  | [92550, 92699]            | 0          | Uniform         | 
618  | [92700, 92849]            | 0          | Uniform         | 
619  | [92850, 92999]            | 0          | Uniform         | 
620  | [93000, 93149]            | 0          | Uniform         | 
621  | [93150, 93299]            | 0          | Uniform         | 
622  | [93300, 93449]            | 0          | Uniform         | 
623  | [93450, 93599]            | 0          | Uniform         | 
624  | [93600, 93749]            | 0          | Uniform         | 
625  | [93750, 93899]            | 0          | Uniform         | 
626  | [93900, 94049]            | 0          | Uniform         | 
627  | [94050, 94199]            | 0          | Uniform         | 
628  | [94200, 94349]            | 0          | Uniform         | 
629  | [94350, 94499]            | 0          | Uniform         | 
630  | [94500, 94649]            | 0          | Uniform         | 
631  | [94650, 94799]            | 0          | Uniform         | 
632  | [94800, 94949]            | 0          | Uniform         | 
633  | [94950, 95099]            | 0          | Uniform         | 
634  | [95100, 95249]            | 0          | Uniform         | 
635  | [95250, 95399]            | 0          | Uniform         | 
636  | [95400, 95549]            | 0          | Uniform         | 
637  | [95550, 95699]            | 0          | Uniform         | 
638  | [95700, 95849]            | 0          | Uniform         | 
639  | [95850, 95999]            | 0          | Uniform         | 
640  | [96000, 96149]            | 0          | Uniform         | 
641  | [96150, 96299]            | 0          | Uniform         | 
642  | [96300, 96449]            | 0          | Uniform         | 
643  | [96450, 96599]            | 0          | Uniform         | 
644  | [96600, 96749]            | 0          | Uniform         | 
645  | [96750, 96899]            | 0          | Uniform         | 
646  | [96900, 97049]            | 0          | Uniform         | 
647  | [97050, 97199]            | 0          | Uniform         | 
648  | [97200, 97349]            | 0          | Uniform         | 
649  | [97350, 97499]            | 0          | Uniform         | 
650  | [97500, 97649]            | 0          | Uniform         | 
651  | [97650, 97799]            | 0          | Uniform         | 
652  | [97800, 97949]            | 0          | Uniform         | 
653  | [97950, 98099]            | 0          | Uniform         | 
654  | [98100, 98249]            | 0          | Uniform         | 
655  | [98250, 98399]            | 0          | Uniform         | 
656  | [98400, 98549]            | 0          | Uniform         | 
657  | [98550, 98699]            | 0          | Uniform         | 
658  | [98700, 98849]            | 0          | Uniform         | 
659  | [98850, 98999]            | 0          | Uniform         | 
660  | [99000, 99149]            | 0          | Uniform         | 
661  | [99150, 99299]            | 0          | Uniform         | 
662  | [99300, 99449]            | 0          | Uniform         | 
663  | [99450, 99599]            | 0          | Uniform         | 
664  | [99600, 99749]            | 0          | Uniform         | 
665  | [99750, 99899]            | 0          | Uniform         | 
666  | [99900, 100049]           | 0          | Uniform         | 
667  | [100050, 100199]          | 0          | Uniform         | 
668  | [100200, 100349]          | 0          | Uniform         | 
669  | [100350, 100499]          | 0          | Uniform         | 
670  | [100500, 100649]          | 0          | Uniform         | 
671  | [100650, 100799]          | 0          | Uniform         | 
672  | [100800, 100949]          | 0          | Uniform         | 
673  | [100950, 101099]          | 0          | Uniform         | 
674  | [101100, 101249]          | 0          | Uniform         | 
675  | [101250, 101399]          | 0          | Uniform         | 
676  | [101400, 101549]          | 0          | Uniform         | 
677  | [101550, 101699]          | 0          | Uniform         | 
678  | [101700, 101849]          | 0          | Uniform         | 
679  | [101850, 101999]          | 0          | Uniform         | 
680  | [102000, 102149]          | 0          | Uniform         | 
681  | [102150, 102299]          | 0          | Uniform         | 
682  | [102300, 102449]          | 0          | Uniform         | 
683  | [102450, 102599]          | 0          | Uniform         | 
684  | [102600, 102749]          | 0          | Uniform         | 
685  | [102750, 102899]          | 0          | Uniform         | 
686  | [102900, 103049]          | 0          | Uniform         | 
687  | [103050, 103199]          | 0          | Uniform         | 
688  | [103200, 103349]          | 0          | Uniform         | 
689  | [103350, 103499]          | 0          | Uniform         | 
690  | [103500, 103649]          | 0          | Uniform         | 
691  | [103650, 103799]          | 0          | Uniform         | 
692  | [103800, 103949]          | 0          | Uniform         | 
693  | [103950, 104099]          | 0          | Uniform         | 
694  | [104100, 104249]          | 0          | Uniform         | 
695  | [104250, 104399]          | 0          | Uniform         | 
696  | [104400, 104549]          | 0          | Uniform         | 
697  | [104550, 104699]          | 0          | Uniform         | 
698  | [104700, 104849]          | 0          | Uniform         | 
699  | [104850, 104999]          | 0          | Uniform         | 
700  | [105000, 105149]          | 0          | Uniform         | 
701  | [105150, 105299]          | 0          | Uniform         | 
702  | [105300, 105449]          | 0          | Uniform         | 
703  | [105450, 105599]          | 0          | Uniform         | 
704  | [105600, 105749]          | 0          | Uniform         | 
705  | [105750, 105899]          | 0          | Uniform         | 
706  | [105900, 106049]          | 0          | Uniform         | 
707  | [106050, 106199]          | 0          | Uniform         | 
708  | [106200, 106349]          | 0          | Uniform         | 
709  | [106350, 106499]          | 0          | Uniform         | 
710  | [106500, 106649]          | 0          | Uniform         | 
711  | [106650, 106799]          | 0          | Uniform         | 
712  | [106800, 106949]          | 0          | Uniform         | 
713  | [106950, 107099]          | 0          | Uniform         | 
714  | [107100, 107249]          | 0          | Uniform         | 
715  | [107250, 107399]          | 0          | Uniform         | 
716  | [107400, 107549]          | 0          | Uniform         | 
717  | [107550, 107699]          | 0          | Uniform         | 
718  | [107700, 107849]          | 0          | Uniform         | 
719  | [107850, 107999]          | 0          | Uniform         | 
720  | [108000, 108149]          | 0          | Uniform         | 
721  | [108150, 108299]          | 0          | Uniform         | 
722  | [108300, 108449]          | 0          | Uniform         | 
723  | [108450, 108599]          | 0          | Uniform         | 
724  | [108600, 108749]          | 0          | Uniform         | 
725  | [108750, 108899]          | 0          | Uniform         | 
726  | [108900, 109049]          | 0          | Uniform         | 
727  | [109050, 109199]          | 0          | Uniform         | 
728  | [109200, 109349]          | 0          | Uniform         | 
729  | [109350, 109499]          | 0          | Uniform         | 
730  | [109500, 109649]          | 0          | Uniform         | 
731  | [109650, 109799]          | 0          | Uniform         | 
732  | [109800, 109949]          | 0          | Uniform         | 
733  | [109950, 110099]          | 0          | Uniform         | 
734  | [110100, 110249]          | 0          | Uniform         | 
735  | [110250, 110399]          | 0          | Uniform         | 
736  | [110400, 110549]          | 0          | Uniform         | 
737  | [110550, 110699]          | 0          | Uniform         | 
738  | [110700, 110849]          | 0          | Uniform         | 
739  | [110850, 110999]          | 0          | Uniform         | 
740  | [111000, 111149]          | 0          | Uniform         | 
741  | [111150, 111299]          | 0          | Uniform         | 
742  | [111300, 111449]          | 0          | Uniform         | 
743  | [111450, 111599]          | 0          | Uniform         | 
744  | [111600, 111749]          | 0          | Uniform         | 
745  | [111750, 111899]          | 0          | Uniform         | 
746  | [111900, 112049]          | 0          | Uniform         | 
747  | [112050, 112199]          | 0          | Uniform         | 
748  | [112200, 112349]          | 0          | Uniform         | 
749  | [112350, 112499]          | 0          | Uniform         | 
750  | [112500, 112649]          | 0          | Uniform         | 
751  | [112650, 112799]          | 0          | Uniform         | 
752  | [112800, 112949]          | 0          | Uniform         | 
753  | [112950, 113099]          | 0          | Uniform         | 
754  | [113100, 113249]          | 0          | Uniform         | 
755  | [113250, 113399]          | 0          | Uniform         | 
756  | [113400, 113549]          | 0          | Uniform         | 
757  | [113550, 113699]          | 0          | Uniform         | 
758  | [113700, 113849]          | 0          | Uniform         | 
759  | [113850, 113999]          | 0          | Uniform         | 
760  | [114000, 114149]          | 0          | Uniform         | 
761  | [114150, 114299]          | 0          | Uniform         | 
762  | [114300, 114449]          | 0          | Uniform         | 
763  | [114450, 114599]          | 0          | Uniform         | 
764  | [114600, 114749]          | 0          | Uniform         | 
765  | [114750, 114899]          | 0          | Uniform         | 
766  | [114900, 115049]          | 0          | Uniform         | 
767  | [115050, 115199]          | 0          | Uniform         | 
768  | [115200, 115349]          | 0          | Uniform         | 
769  | [115350, 115499]          | 0          | Uniform         | 
770  | [115500, 115649]          | 0          | Uniform         | 
771  | [115650, 115799]          | 0          | Uniform         | 
772  | [115800, 115949]          | 0          | Uniform         | 
773  | [115950, 116099]          | 0          | Uniform         | 
774  | [116100, 116249]          | 0          | Uniform         | 
775  | [116250, 116399]          | 0          | Uniform         | 
776  | [116400, 116549]          | 0          | Uniform         | 
777  | [116550, 116699]          | 0          | Uniform         | 
778  | [116700, 116849]          | 0          | Uniform         | 
779  | [116850, 116999]          | 0          | Uniform         | 
780  | [117000, 117149]          | 0          | Uniform         | 
781  | [117150, 117299]          | 0          | Uniform         | 
782  | [117300, 117449]          | 0          | Uniform         | 
783  | [117450, 117599]          | 0          | Uniform         | 
784  | [117600, 117749]          | 0          | Uniform         | 
785  | [117750, 117899]          | 0          | Uniform         | 
786  | [117900, 118049]          | 0          | Uniform         | 
787  | [118050, 118199]          | 0          | Uniform         | 
788  | [118200, 118349]          | 0          | Uniform         | 
789  | [118350, 118499]          | 0          | Uniform         | 
790  | [118500, 118649]          | 0          | Uniform         | 
791  | [118650, 118799]          | 0          | Uniform         | 
792  | [118800, 118949]          | 0          | Uniform         | 
793  | [118950, 119099]          | 0          | Uniform         | 
794  | [119100, 119249]          | 0          | Uniform         | 
795  | [119250, 119399]          | 0          | Uniform         | 
796  | [119400, 119549]          | 0          | Uniform         | 
797  | [119550, 119699]          | 0          | Uniform         | 
798  | [119700, 119849]          | 0          | Uniform         | 
799  | [119850, 119999]          | 0          | Uniform         | 
800  | [120000, 120149]          | 0          | Uniform         | 
801  | [120150, 120299]          | 0          | Uniform         | 
802  | [120300, 120449]          | 0          | Uniform         | 
803  | [120450, 120599]          | 0          | Uniform         | 
804  | [120600, 120749]          | 0          | Uniform         | 
805  | [120750, 120899]          | 0          | Uniform         | 
806  | [120900, 121049]          | 0          | Uniform         | 
807  | [121050, 121199]          | 0          | Uniform         | 
808  | [121200, 121349]          | 0          | Uniform         | 
809  | [121350, 121499]          | 0          | Uniform         | 
810  | [121500, 121649]          | 0          | Uniform         | 
811  | [121650, 121799]          | 0          | Uniform         | 
812  | [121800, 121949]          | 0          | Uniform         | 
813  | [121950, 122099]          | 0          | Uniform         | 
814  | [122100, 122249]          | 0          | Uniform         | 
815  | [122250, 122399]          | 0          | Uniform         | 
816  | [122400, 122549]          | 0          | Uniform         | 
817  | [122550, 122699]          | 0          | Uniform         | 
818  | [122700, 122849]          | 0          | Uniform         | 
819  | [122850, 122999]          | 0          | Uniform         | 
820  | [123000, 123149]          | 0          | Uniform         | 
821  | [123150, 123299]          | 0          | Uniform         | 
822  | [123300, 123449]          | 0          | Uniform         | 
823  | [123450, 123599]          | 0          | Uniform         | 
824  | [123600, 123749]          | 0          | Uniform         | 
825  | [123750, 123899]          | 0          | Uniform         | 
826  | [123900, 124049]          | 0          | Uniform         | 
827  | [124050, 124199]          | 0          | Uniform         | 
828  | [124200, 124349]          | 0          | Uniform         | 
829  | [124350, 124499]          | 0          | Uniform         | 
830  | [124500, 124649]          | 0          | Uniform         | 
831  | [124650, 124799]          | 0          | Uniform         | 
832  | [124800, 124949]          | 0          | Uniform         | 
833  | [124950, 125099]          | 0          | Uniform         | 
834  | [125100, 125249]          | 0          | Uniform         | 
835  | [125250, 125399]          | 0          | Uniform         | 
836  | [125400, 125549]          | 0          | Uniform         | 
837  | [125550, 125699]          | 0          | Uniform         | 
838  | [125700, 125849]          | 0          | Uniform         | 
839  | [125850, 125999]          | 0          | Uniform         | 
840  | [126000, 126149]          | 0          | Uniform         | 
841  | [126150, 126299]          | 0          | Uniform         | 
842  | [126300, 126449]          | 0          | Uniform         | 
843  | [126450, 126599]          | 0          | Uniform         | 
844  | [126600, 126749]          | 0          | Uniform         | 
845  | [126750, 126899]          | 0          | Uniform         | 
846  | [126900, 127049]          | 0          | Uniform         | 
847  | [127050, 127199]          | 0          | Uniform         | 
848  | [127200, 127349]          | 0          | Uniform         | 
849  | [127350, 127499]          | 0          | Uniform         | 
850  | [127500, 127649]          | 0          | Uniform         | 
851  | [127650, 127799]          | 0          | Uniform         | 
852  | [127800, 127949]          | 0          | Uniform         | 
853  | [127950, 128099]          | 0          | Uniform         | 
854  | [128100, 128249]          | 0          | Uniform         | 
855  | [128250, 128399]          | 0          | Uniform         | 
856  | [128400, 128549]          | 0          | Uniform         | 
857  | [128550, 128699]          | 0          | Uniform         | 
858  | [128700, 128849]          | 0          | Uniform         | 
859  | [128850, 128999]          | 0          | Uniform         | 
860  | [129000, 129149]          | 0          | Uniform         | 
861  | [129150, 129299]          | 0          | Uniform         | 
862  | [129300, 129449]          | 0          | Uniform         | 
863  | [129450, 129599]          | 0          | Uniform         | 
864  | [129600, 129749]          | 0          | Uniform         | 
865  | [129750, 129899]          | 0          | Uniform         | 
866  | [129900, 130049]          | 0          | Uniform         | 
867  | [130050, 130199]          | 0          | Uniform         | 
868  | [130200, 130349]          | 0          | Uniform         | 
869  | [130350, 130499]          | 0          | Uniform         | 
870  | [130500, 130649]          | 0          | Uniform         | 
871  | [130650, 130799]          | 0          | Uniform         | 
872  | [130800, 130949]          | 0          | Uniform         | 
873  | [130950, 131099]          | 0          | Uniform         | 
874  | [131100, 131249]          | 0          | Uniform         | 
875  | [131250, 131399]          | 0          | Uniform         | 
876  | [131400, 131549]          | 0          | Uniform         | 
877  | [131550, 131699]          | 0          | Uniform         | 
878  | [131700, 131849]          | 0          | Uniform         | 
879  | [131850, 131999]          | 0          | Uniform         | 
880  | [132000, 132149]          | 0          | Uniform         | 
881  | [132150, 132299]          | 0          | Uniform         | 
882  | [132300, 132449]          | 0          | Uniform         | 
883  | [132450, 132599]          | 0          | Uniform         | 
884  | [132600, 132749]          | 0          | Uniform         | 
885  | [132750, 132899]          | 0          | Uniform         | 
886  | [132900, 133049]          | 0          | Uniform         | 
887  | [133050, 133199]          | 0          | Uniform         | 
888  | [133200, 133349]          | 0          | Uniform         | 
889  | [133350, 133499]          | 0          | Uniform         | 
890  | [133500, 133649]          | 0          | Uniform         | 
891  | [133650, 133799]          | 0          | Uniform         | 
892  | [133800, 133949]          | 0          | Uniform         | 
893  | [133950, 134099]          | 0          | Uniform         | 
894  | [134100, 134249]          | 0          | Uniform         | 
895  | [134250, 134399]          | 0          | Uniform         | 
896  | [134400, 134549]          | 0          | Uniform         | 
897  | [134550, 134699]          | 0          | Uniform         | 
898  | [134700, 134849]          | 0          | Uniform         | 
899  | [134850, 134999]          | 0          | Uniform         | 
900  | [135000, 135149]          | 0          | Uniform         | 
901  | [135150, 135299]          | 0          | Uniform         | 
902  | [135300, 135449]          | 0          | Uniform         | 
903  | [135450, 135599]          | 0          | Uniform         | 
904  | [135600, 135749]          | 0          | Uniform         | 
905  | [135750, 135899]          | 0          | Uniform         | 
906  | [135900, 136049]          | 0          | Uniform         | 
907  | [136050, 136199]          | 0          | Uniform         | 
908  | [136200, 136349]          | 0          | Uniform         | 
909  | [136350, 136499]          | 0          | Uniform         | 
910  | [136500, 136649]          | 0          | Uniform         | 
911  | [136650, 136799]          | 0          | Uniform         | 
912  | [136800, 136949]          | 0          | Uniform         | 
913  | [136950, 137099]          | 0          | Uniform         | 
914  | [137100, 137249]          | 0          | Uniform         | 
915  | [137250, 137399]          | 0          | Uniform         | 
916  | [137400, 137549]          | 0          | Uniform         | 
917  | [137550, 137699]          | 0          | Uniform         | 
918  | [137700, 137849]          | 0          | Uniform         | 
919  | [137850, 137999]          | 0          | Uniform         | 
920  | [138000, 138149]          | 0          | Uniform         | 
921  | [138150, 138299]          | 0          | Uniform         | 
922  | [138300, 138449]          | 0          | Uniform         | 
923  | [138450, 138599]          | 0          | Uniform         | 
924  | [138600, 138749]          | 0          | Uniform         | 
925  | [138750, 138899]          | 0          | Uniform         | 
926  | [138900, 139049]          | 0          | Uniform         | 
927  | [139050, 139199]          | 0          | Uniform         | 
928  | [139200, 139349]          | 0          | Uniform         | 
929  | [139350, 139499]          | 0          | Uniform         | 
930  | [139500, 139649]          | 0          | Uniform         | 
931  | [139650, 139799]          | 0          | Uniform         | 
932  | [139800, 139949]          | 0          | Uniform         | 
933  | [139950, 140099]          | 0          | Uniform         | 
934  | [140100, 140249]          | 0          | Uniform         | 
935  | [140250, 140399]          | 0          | Uniform         | 
936  | [140400, 140549]          | 0          | Uniform         | 
937  | [140550, 140699]          | 0          | Uniform         | 
938  | [140700, 140849]          | 0          | Uniform         | 
939  | [140850, 140999]          | 0          | Uniform         | 
940  | [141000, 141149]          | 0          | Uniform         | 
941  | [141150, 141299]          | 0          | Uniform         | 
942  | [141300, 141449]          | 0          | Uniform         | 
943  | [141450, 141599]          | 0          | Uniform         | 
944  | [141600, 141749]          | 0          | Uniform         | 
945  | [141750, 141899]          | 0          | Uniform         | 
946  | [141900, 142049]          | 0          | Uniform         | 
947  | [142050, 142199]          | 0          | Uniform         | 
948  | [142200, 142349]          | 0          | Uniform         | 
949  | [142350, 142499]          | 0          | Uniform         | 
950  | [142500, 142649]          | 0          | Uniform         | 
951  | [142650, 142799]          | 0          | Uniform         | 
952  | [142800, 142949]          | 0          | Uniform         | 
953  | [142950, 143099]          | 0          | Uniform         | 
954  | [143100, 143249]          | 0          | Uniform         | 
955  | [143250, 143399]          | 0          | Uniform         | 
956  | [143400, 143549]          | 0          | Uniform         | 
957  | [143550, 143699]          | 0          | Uniform         | 
958  | [143700, 143849]          | 0          | Uniform         | 
959  | [143850, 143999]          | 0          | Uniform         | 
960  | [144000, 144149]          | 0          | Uniform         | 
961  | [144150, 144299]          | 0          | Uniform         | 
962  | [144300, 144449]          | 0          | Uniform         | 
963  | [144450, 144599]          | 0          | Uniform         | 
964  | [144600, 144749]          | 0          | Uniform         | 
965  | [144750, 144899]          | 0          | Uniform         | 
966  | [144900, 145049]          | 0          | Uniform         | 
967  | [145050, 145199]          | 0          | Uniform         | 
968  | [145200, 145349]          | 0          | Uniform         | 
969  | [145350, 145499]          | 0          | Uniform         | 
970  | [145500, 145649]          | 0          | Uniform         | 
971  | [145650, 145799]          | 0          | Uniform         | 
972  | [145800, 145949]          | 0          | Uniform         | 
973  | [145950, 146099]          | 0          | Uniform         | 
974  | [146100, 146249]          | 0          | Uniform         | 
975  | [146250, 146399]          | 0          | Uniform         | 
976  | [146400, 146549]          | 0          | Uniform         | 
977  | [146550, 146699]          | 0          | Uniform         | 
978  | [146700, 146849]          | 0          | Uniform         | 
979  | [146850, 146999]          | 0          | Uniform         | 
980  | [147000, 147149]          | 0          | Uniform         | 
981  | [147150, 147299]          | 0          | Uniform         | 
982  | [147300, 147449]          | 0          | Uniform         | 
983  | [147450, 147599]          | 0          | Uniform         | 
984  | [147600, 147749]          | 0          | Uniform         | 
985  | [147750, 147899]          | 0          | Uniform         | 
986  | [147900, 148049]          | 0          | Uniform         | 
987  | [148050, 148199]          | 0          | Uniform         | 
988  | [148200, 148349]          | 0          | Uniform         | 
989  | [148350, 148499]          | 0          | Uniform         | 
990  | [148500, 148649]          | 0          | Uniform         | 
991  | [148650, 148799]          | 0          | Uniform         | 
992  | [148800, 148949]          | 0          | Uniform         | 
993  | [148950, 149099]          | 0          | Uniform         | 
994  | [149100, 149249]          | 0          | Uniform         | 
995  | [149250, 149399]          | 0          | Uniform         | 
996  | [149400, 149549]          | 0          | Uniform         | 
997  | [149550, 149699]          | 0          | Uniform         | 
998  | [149700, 149849]          | 0          | Uniform         | 
999  | [149850, 149999]          | 0          | Uniform         | 
1000 | [150000, 150149]          | 0          | Uniform         | 
1001 | [150150, 150299]          | 0          | Uniform         | 
1002 | [150300, 150449]          | 0          | Uniform         | 
1003 | [150450, 150599]          | 0          | Uniform         | 
1004 | [150600, 150749]          | 0          | Uniform         | 
1005 | [150750, 150899]          | 0          | Uniform         | 
1006 | [150900, 151049]          | 0          | Uniform         | 
1007 | [151050, 151199]          | 0          | Uniform         | 
1008 | [151200, 151349]          | 0          | Uniform         | 
1009 | [151350, 151499]          | 0          | Uniform         | 
1010 | [151500, 151649]          | 0          | Uniform         | 
1011 | [151650, 151799]          | 0          | Uniform         | 
1012 | [151800, 151949]          | 0          | Uniform         | 
1013 | [151950, 152099]          | 0          | Uniform         | 
1014 | [152100, 152249]          | 0          | Uniform         | 
1015 | [152250, 152399]          | 0          | Uniform         | 
1016 | [152400, 152549]          | 0          | Uniform         | 
1017 | [152550, 152699]          | 0          | Uniform         | 
1018 | [152700, 152849]          | 0          | Uniform         | 
1019 | [152850, 152999]          | 0          | Uniform         | 
1020 | [153000, 153149]          | 0          | Uniform         | 
1021 | [153150, 153299]          | 0          | Uniform         | 
1022 | [153300, 153449]          | 0          | Uniform         | 
1023 | [153450, 153599]          | 0          | Uniform         | 
1024 | [153600, 153749]          | 0          | Uniform         | 
1025 | [153750, 153899]          | 0          | Uniform         | 
1026 | [153900, 154049]          | 0          | Uniform         | 
1027 | [154050, 154199]          | 0          | Uniform         | 
1028 | [154200, 154349]          | 0          | Uniform         | 
1029 | [154350, 154499]          | 0          | Uniform         | 
1030 | [154500, 154649]          | 0          | Uniform         | 
1031 | [154650, 154799]          | 0          | Uniform         | 
1032 | [154800, 154949]          | 0          | Uniform         | 
1033 | [154950, 155099]          | 0          | Uniform         | 
1034 | [155100, 155249]          | 0          | Uniform         | 
1035 | [155250, 155399]          | 0          | Uniform         | 
1036 | [155400, 155549]          | 0          | Uniform         | 
1037 | [155550, 155699]          | 0          | Uniform         | 
1038 | [155700, 155849]          | 0          | Uniform         | 
1039 | [155850, 155999]          | 0          | Uniform         | 
1040 | [156000, 156149]          | 0          | Uniform         | 
1041 | [156150, 156299]          | 0          | Uniform         | 
1042 | [156300, 156449]          | 0          | Uniform         | 
1043 | [156450, 156599]          | 0          | Uniform         | 
1044 | [156600, 156749]          | 0          | Uniform         | 
1045 | [156750, 156899]          | 0          | Uniform         | 
1046 | [156900, 157049]          | 0          | Uniform         | 
1047 | [157050, 157199]          | 0          | Uniform         | 
1048 | [157200, 157349]          | 0          | Uniform         | 
1049 | [157350, 157499]          | 0          | Uniform         | 
1050 | [157500, 157649]          | 0          | Uniform         | 
1051 | [157650, 157799]          | 0          | Uniform         | 
1052 | [157800, 157949]          | 0          | Uniform         | 
1053 | [157950, 158099]          | 0          | Uniform         | 
1054 | [158100, 158249]          | 0          | Uniform         | 
1055 | [158250, 158399]          | 0          | Uniform         | 
1056 | [158400, 158549]          | 0          | Uniform         | 
1057 | [158550, 158699]          | 0          | Uniform         | 
1058 | [158700, 158849]          | 0          | Uniform         | 
1059 | [158850, 158999]          | 0          | Uniform         | 
1060 | [159000, 159149]          | 0          | Uniform         | 
1061 | [159150, 159299]          | 0          | Uniform         | 
1062 | [159300, 159449]          | 0          | Uniform         | 
1063 | [159450, 159599]          | 0          | Uniform         | 
1064 | [159600, 159749]          | 0          | Uniform         | 
1065 | [159750, 159899]          | 0          | Uniform         | 
1066 | [159900, 160049]          | 0          | Uniform         | 
1067 | [160050, 160199]          | 0          | Uniform         | 
1068 | [160200, 160349]          | 0          | Uniform         | 
1069 | [160350, 160499]          | 0          | Uniform         | 
1070 | [160500, 160649]          | 0          | Uniform         | 
1071 | [160650, 160799]          | 0          | Uniform         | 
1072 | [160800, 160949]          | 0          | Uniform         | 
1073 | [160950, 161099]          | 0          | Uniform         | 
1074 | [161100, 161249]          | 0          | Uniform         | 
1075 | [161250, 161399]          | 0          | Uniform         | 
1076 | [161400, 161549]          | 0          | Uniform         | 
1077 | [161550, 161699]          | 0          | Uniform         | 
1078 | [161700, 161849]          | 0          | Uniform         | 
1079 | [161850, 161999]          | 0          | Uniform         | 
1080 | [162000, 162149]          | 0          | Uniform         | 
1081 | [162150, 162299]          | 0          | Uniform         | 
1082 | [162300, 162449]          | 0          | Uniform         | 
1083 | [162450, 162599]          | 0          | Uniform         | 
1084 | [162600, 162749]          | 0          | Uniform         | 
1085 | [162750, 162899]          | 0          | Uniform         | 
1086 | [162900, 163049]          | 0          | Uniform         | 
1087 | [163050, 163199]          | 0          | Uniform         | 
1088 | [163200, 163349]          | 0          | Uniform         | 
1089 | [163350, 163499]          | 0          | Uniform         | 
1090 | [163500, 163649]          | 0          | Uniform         | 
1091 | [163650, 163799]          | 0          | Uniform         | 
1092 | [163800, 163949]          | 0          | Uniform         | 
1093 | [163950, 164099]          | 0          | Uniform         | 
1094 | [164100, 164249]          | 0          | Uniform         | 
1095 | [164250, 164399]          | 0          | Uniform         | 
1096 | [164400, 164549]          | 0          | Uniform         | 
1097 | [164550, 164699]          | 0          | Uniform         | 
1098 | [164700, 164849]          | 0          | Uniform         | 
1099 | [164850, 164999]          | 0          | Uniform         | 
1100 | [165000, 165149]          | 0          | Uniform         | 
1101 | [165150, 165299]          | 0          | Uniform         | 
1102 | [165300, 165449]          | 0          | Uniform         | 
1103 | [165450, 165599]          | 0          | Uniform         | 
1104 | [165600, 165749]          | 0          | Uniform         | 
1105 | [165750, 165899]          | 0          | Uniform         | 
1106 | [165900, 166049]          | 0          | Uniform         | 
1107 | [166050, 166199]          | 0          | Uniform         | 
1108 | [166200, 166349]          | 0          | Uniform         | 
1109 | [166350, 166499]          | 0          | Uniform         | 
1110 | [166500, 166649]          | 0          | Uniform         | 
1111 | [166650, 166799]          | 0          | Uniform         | 
1112 | [166800, 166949]          | 0          | Uniform         | 
1113 | [166950, 167099]          | 0          | Uniform         | 
1114 | [167100, 167249]          | 0          | Uniform         | 
1115 | [167250, 167399]          | 0          | Uniform         | 
1116 | [167400, 167549]          | 0          | Uniform         | 
1117 | [167550, 167699]          | 0          | Uniform         | 
1118 | [167700, 167849]          | 0          | Uniform         | 
1119 | [167850, 167999]          | 0          | Uniform         | 
1120 | [168000, 168149]          | 0          | Uniform         | 
1121 | [168150, 168299]          | 0          | Uniform         | 
1122 | [168300, 168449]          | 0          | Uniform         | 
1123 | [168450, 168599]          | 0          | Uniform         | 
1124 | [168600, 168749]          | 0          | Uniform         | 
1125 | [168750, 168899]          | 0          | Uniform         | 
1126 | [168900, 169049]          | 0          | Uniform         | 
1127 | [169050, 169199]          | 0          | Uniform         | 
1128 | [169200, 169349]          | 0          | Uniform         | 
1129 | [169350, 169499]          | 0          | Uniform         | 
1130 | [169500, 169649]          | 0          | Uniform         | 
1131 | [169650, 169799]          | 0          | Uniform         | 
1132 | [169800, 169949]          | 0          | Uniform         | 
1133 | [169950, 170099]          | 0          | Uniform         | 
1134 | [170100, 170249]          | 0          | Uniform         | 
1135 | [170250, 170399]          | 0          | Uniform         | 
1136 | [170400, 170549]          | 0          | Uniform         | 
1137 | [170550, 170699]          | 0          | Uniform         | 
1138 | [170700, 170849]          | 0          | Uniform         | 
1139 | [170850, 170999]          | 0          | Uniform         | 
1140 | [171000, 171149]          | 0          | Uniform         | 
1141 | [171150, 171299]          | 0          | Uniform         | 
1142 | [171300, 171449]          | 0          | Uniform         | 
1143 | [171450, 171599]          | 0          | Uniform         | 
1144 | [171600, 171749]          | 0          | Uniform         | 
1145 | [171750, 171899]          | 0          | Uniform         | 
1146 | [171900, 172049]          | 0          | Uniform         | 
1147 | [172050, 172199]          | 0          | Uniform         | 
1148 | [172200, 172349]          | 0          | Uniform         | 
1149 | [172350, 172499]          | 0          | Uniform         | 
1150 | [172500, 172649]          | 0          | Uniform         | 
1151 | [172650, 172799]          | 0          | Uniform         | 
1152 | [172800, 172949]          | 0          | Uniform         | 
1153 | [172950, 173099]          | 0          | Uniform         | 
1154 | [173100, 173249]          | 0          | Uniform         | 
1155 | [173250, 173399]          | 0          | Uniform         | 
1156 | [173400, 173549]          | 0          | Uniform         | 
1157 | [173550, 173699]          | 0          | Uniform         | 
1158 | [173700, 173849]          | 0          | Uniform         | 
1159 | [173850, 173999]          | 0          | Uniform         | 
1160 | [174000, 174149]          | 0          | Uniform         | 
1161 | [174150, 174299]          | 0          | Uniform         | 
1162 | [174300, 174449]          | 0          | Uniform         | 
1163 | [174450, 174599]          | 0          | Uniform         | 
1164 | [174600, 174749]          | 0          | Uniform         | 
1165 | [174750, 174899]          | 0          | Uniform         | 
1166 | [174900, 175049]          | 0          | Uniform         | 
1167 | [175050, 175199]          | 0          | Uniform         | 
1168 | [175200, 175349]          | 0          | Uniform         | 
1169 | [175350, 175499]          | 0          | Uniform         | 
1170 | [175500, 175649]          | 0          | Uniform         | 
1171 | [175650, 175799]          | 0          | Uniform         | 
1172 | [175800, 175949]          | 0          | Uniform         | 
1173 | [175950, 176099]          | 0          | Uniform         | 
1174 | [176100, 176249]          | 0          | Uniform         | 
1175 | [176250, 176399]          | 0          | Uniform         | 
1176 | [176400, 176549]          | 0          | Uniform         | 
1177 | [176550, 176699]          | 0          | Uniform         | 
1178 | [176700, 176849]          | 0          | Uniform         | 
1179 | [176850, 176999]          | 0          | Uniform         | 
1180 | [177000, 177149]          | 0          | Uniform         | 
1181 | [177150, 177299]          | 0          | Uniform         | 
1182 | [177300, 177449]          | 0          | Uniform         | 
1183 | [177450, 177599]          | 0          | Uniform         | 
1184 | [177600, 177749]          | 0          | Uniform         | 
1185 | [177750, 177899]          | 0          | Uniform         | 
1186 | [177900, 178049]          | 0          | Uniform         | 
1187 | [178050, 178199]          | 0          | Uniform         | 
1188 | [178200, 178349]          | 0          | Uniform         | 
1189 | [178350, 178499]          | 0          | Uniform         | 
1190 | [178500, 178649]          | 0          | Uniform         | 
1191 | [178650, 178799]          | 0          | Uniform         | 
1192 | [178800, 178949]          | 0          | Uniform         | 
1193 | [178950, 179099]          | 0          | Uniform         | 
1194 | [179100, 179249]          | 0          | Uniform         | 
1195 | [179250, 179399]          | 0          | Uniform         | 
1196 | [179400, 179549]          | 0          | Uniform         | 
1197 | [179550, 179699]          | 0          | Uniform         | 
1198 | [179700, 179849]          | 0          | Uniform         | 
1199 | [179850, 179999]          | 0          | Uniform         | 
1200 | [180000, 180149]          | 0          | Uniform         | 
1201 | [180150, 180299]          | 0          | Uniform         | 
1202 | [180300, 180449]          | 0          | Uniform         | 
1203 | [180450, 180599]          | 0          | Uniform         | 
1204 | [180600, 180749]          | 0          | Uniform         | 
1205 | [180750, 180899]          | 0          | Uniform         | 
1206 | [180900, 181049]          | 0          | Uniform         | 
1207 | [181050, 181199]          | 0          | Uniform         | 
1208 | [181200, 181349]          | 0          | Uniform         | 
1209 | [181350, 181499]          | 0          | Uniform         | 
1210 | [181500, 181649]          | 0          | Uniform         | 
1211 | [181650, 181799]          | 0          | Uniform         | 
1212 | [181800, 181949]          | 0          | Uniform         | 
1213 | [181950, 182099]          | 0          | Uniform         | 
1214 | [182100, 182249]          | 0          | Uniform         | 
1215 | [182250, 182399]          | 0          | Uniform         | 
1216 | [182400, 182549]          | 0          | Uniform         | 
1217 | [182550, 182699]          | 0          | Uniform         | 
1218 | [182700, 182849]          | 0          | Uniform         | 
1219 | [182850, 182999]          | 0          | Uniform         | 
1220 | [183000, 183149]          | 0          | Uniform         | 
1221 | [183150, 183299]          | 0          | Uniform         | 
1222 | [183300, 183449]          | 0          | Uniform         | 
1223 | [183450, 183599]          | 0          | Uniform         | 
1224 | [183600, 183749]          | 0          | Uniform         | 
1225 | [183750, 183899]          | 0          | Uniform         | 
1226 | [183900, 184049]          | 0          | Uniform         | 
1227 | [184050, 184199]          | 0          | Uniform         | 
1228 | [184200, 184349]          | 0          | Uniform         | 
1229 | [184350, 184499]          | 0          | Uniform         | 
1230 | [184500, 184649]          | 0          | Uniform         | 
1231 | [184650, 184799]          | 0          | Uniform         | 
1232 | [184800, 184949]          | 0          | Uniform         | 
1233 | [184950, 185099]          | 0          | Uniform         | 
1234 | [185100, 185249]          | 0          | Uniform         | 
1235 | [185250, 185399]          | 0          | Uniform         | 
1236 | [185400, 185549]          | 0          | Uniform         | 
1237 | [185550, 185699]          | 0          | Uniform         | 
1238 | [185700, 185849]          | 0          | Uniform         | 
1239 | [185850, 185999]          | 0          | Uniform         | 
1240 | [186000, 186149]          | 0          | Uniform         | 
1241 | [186150, 186299]          | 0          | Uniform         | 
1242 | [186300, 186449]          | 0          | Uniform         | 
1243 | [186450, 186599]          | 0          | Uniform         | 
1244 | [186600, 186749]          | 0          | Uniform         | 
1245 | [186750, 186899]          | 0          | Uniform         | 
1246 | [186900, 187049]          | 0          | Uniform         | 
1247 | [187050, 187199]          | 0          | Uniform         | 
1248 | [187200, 187349]          | 0          | Uniform         | 
1249 | [187350, 187499]          | 0          | Uniform         | 
1250 | [187500, 187649]          | 0          | Uniform         | 
1251 | [187650, 187799]          | 0          | Uniform         | 
1252 | [187800, 187949]          | 0          | Uniform         | 
1253 | [187950, 188099]          | 0          | Uniform         | 
1254 | [188100, 188249]          | 0          | Uniform         | 
1255 | [188250, 188399]          | 0          | Uniform         | 
1256 | [188400, 188549]          | 0          | Uniform         | 
1257 | [188550, 188699]          | 0          | Uniform         | 
1258 | [188700, 188849]          | 0          | Uniform         | 
1259 | [188850, 188999]          | 0          | Uniform         | 
1260 | [189000, 189149]          | 0          | Uniform         | 
1261 | [189150, 189299]          | 0          | Uniform         | 
1262 | [189300, 189449]          | 0          | Uniform         | 
1263 | [189450, 189599]          | 0          | Uniform         | 
1264 | [189600, 189749]          | 0          | Uniform         | 
1265 | [189750, 189899]          | 0          | Uniform         | 
1266 | [189900, 190049]          | 0          | Uniform         | 
1267 | [190050, 190199]          | 0          | Uniform         | 
1268 | [190200, 190349]          | 0          | Uniform         | 
1269 | [190350, 190499]          | 0          | Uniform         | 
1270 | [190500, 190649]          | 0          | Uniform         | 
1271 | [190650, 190799]          | 0          | Uniform         | 
1272 | [190800, 190949]          | 0          | Uniform         | 
1273 | [190950, 191099]          | 0          | Uniform         | 
1274 | [191100, 191249]          | 0          | Uniform         | 
1275 | [191250, 191399]          | 0          | Uniform         | 
1276 | [191400, 191549]          | 0          | Uniform         | 
1277 | [191550, 191699]          | 0          | Uniform         | 
1278 | [191700, 191849]          | 0          | Uniform         | 
1279 | [191850, 191999]          | 0          | Uniform         | 
1280 | [192000, 192149]          | 0          | Uniform         | 
1281 | [192150, 192299]          | 0          | Uniform         | 
1282 | [192300, 192449]          | 0          | Uniform         | 
1283 | [192450, 192599]          | 0          | Uniform         | 
1284 | [192600, 192749]          | 0          | Uniform         | 
1285 | [192750, 192899]          | 0          | Uniform         | 
1286 | [192900, 193049]          | 0          | Uniform         | 
1287 | [193050, 193199]          | 0          | Uniform         | 
1288 | [193200, 193349]          | 0          | Uniform         | 
1289 | [193350, 193499]          | 0          | Uniform         | 
1290 | [193500, 193649]          | 0          | Uniform         | 
1291 | [193650, 193799]          | 0          | Uniform         | 
1292 | [193800, 193949]          | 0          | Uniform         | 
1293 | [193950, 194099]          | 0          | Uniform         | 
1294 | [194100, 194249]          | 0          | Uniform         | 
1295 | [194250, 194399]          | 0          | Uniform         | 
1296 | [194400, 194549]          | 0          | Uniform         | 
1297 | [194550, 194699]          | 0          | Uniform         | 
1298 | [194700, 194849]          | 0          | Uniform         | 
1299 | [194850, 194999]          | 0          | Uniform         | 
1300 | [195000, 195149]          | 0          | Uniform         | 
1301 | [195150, 195299]          | 0          | Uniform         | 
1302 | [195300, 195449]          | 0          | Uniform         | 
1303 | [195450, 195599]          | 0          | Uniform         | 
1304 | [195600, 195749]          | 0          | Uniform         | 
1305 | [195750, 195899]          | 0          | Uniform         | 
1306 | [195900, 196049]          | 0          | Uniform         | 
1307 | [196050, 196199]          | 0          | Uniform         | 
1308 | [196200, 196349]          | 0          | Uniform         | 
1309 | [196350, 196499]          | 0          | Uniform         | 
1310 | [196500, 196649]          | 0          | Uniform         | 
1311 | [196650, 196799]          | 0          | Uniform         | 
1312 | [196800, 196949]          | 0          | Uniform         | 
1313 | [196950, 197099]          | 0          | Uniform         | 
1314 | [197100, 197249]          | 0          | Uniform         | 
1315 | [197250, 197399]          | 0          | Uniform         | 
1316 | [197400, 197549]          | 0          | Uniform         | 
1317 | [197550, 197699]          | 0          | Uniform         | 
1318 | [197700, 197849]          | 0          | Uniform         | 
1319 | [197850, 197999]          | 0          | Uniform         | 
1320 | [198000, 198149]          | 0          | Uniform         | 
1321 | [198150, 198299]          | 0          | Uniform         | 
1322 | [198300, 198449]          | 0          | Uniform         | 
1323 | [198450, 198599]          | 0          | Uniform         | 
1324 | [198600, 198749]          | 0          | Uniform         | 
1325 | [198750, 198899]          | 0          | Uniform         | 
1326 | [198900, 199049]          | 0          | Uniform         | 
1327 | [199050, 199199]          | 0          | Uniform         | 
1328 | [199200, 199349]          | 0          | Uniform         | 
1329 | [199350, 199499]          | 0          | Uniform         | 
1330 | [199500, 199649]          | 0          | Uniform         | 
1331 | [199650, 199799]          | 0          | Uniform         | 
1332 | [199800, 199949]          | 0          | Uniform         | 
1333 | [199950, 200099]          | 0          | Uniform         | 
1334 | [200100, 200249]          | 0          | Uniform         | 
1335 | [200250, 200399]          | 0          | Uniform         | 
1336 | [200400, 200549]          | 0          | Uniform         | 
1337 | [200550, 200699]          | 0          | Uniform         | 
1338 | [200700, 200849]          | 0          | Uniform         | 
1339 | [200850, 200999]          | 0          | Uniform         | 
1340 | [201000, 201149]          | 0          | Uniform         | 
1341 | [201150, 201299]          | 0          | Uniform         | 
1342 | [201300, 201449]          | 0          | Uniform         | 
1343 | [201450, 201599]          | 0          | Uniform         | 
1344 | [201600, 201749]          | 0          | Uniform         | 
1345 | [201750, 201899]          | 0          | Uniform         | 
1346 | [201900, 202049]          | 0          | Uniform         | 
1347 | [202050, 202199]          | 0          | Uniform         | 
1348 | [202200, 202349]          | 0          | Uniform         | 
1349 | [202350, 202499]          | 0          | Uniform         | 
1350 | [202500, 202649]          | 0          | Uniform         | 
1351 | [202650, 202799]          | 0          | Uniform         | 
1352 | [202800, 202949]          | 0          | Uniform         | 
1353 | [202950, 203099]          | 0          | Uniform         | 
1354 | [203100, 203249]          | 0          | Uniform         | 
1355 | [203250, 203399]          | 0          | Uniform         | 
1356 | [203400, 203549]          | 0          | Uniform         | 
1357 | [203550, 203699]          | 0          | Uniform         | 
1358 | [203700, 203849]          | 0          | Uniform         | 
1359 | [203850, 203999]          | 0          | Uniform         | 
1360 | [204000, 204149]          | 0          | Uniform         | 
1361 | [204150, 204299]          | 0          | Uniform         | 
1362 | [204300, 204449]          | 0          | Uniform         | 
1363 | [204450, 204599]          | 0          | Uniform         | 
1364 | [204600, 204749]          | 0          | Uniform         | 
1365 | [204750, 204899]          | 0          | Uniform         | 
1366 | [204900, 205049]          | 0          | Uniform         | 
1367 | [205050, 205199]          | 0          | Uniform         | 
1368 | [205200, 205349]          | 0          | Uniform         | 
1369 | [205350, 205499]          | 0          | Uniform         | 
1370 | [205500, 205649]          | 0          | Uniform         | 
1371 | [205650, 205799]          | 0          | Uniform         | 
1372 | [205800, 205949]          | 0          | Uniform         | 
1373 | [205950, 206099]          | 0          | Uniform         | 
1374 | [206100, 206249]          | 0          | Uniform         | 
1375 | [206250, 206399]          | 0          | Uniform         | 
1376 | [206400, 206549]          | 0          | Uniform         | 
1377 | [206550, 206699]          | 0          | Uniform         | 
1378 | [206700, 206849]          | 0          | Uniform         | 
1379 | [206850, 206999]          | 0          | Uniform         | 
1380 | [207000, 207149]          | 0          | Uniform         | 
1381 | [207150, 207299]          | 0          | Uniform         | 
1382 | [207300, 207449]          | 0          | Uniform         | 
1383 | [207450, 207599]          | 0          | Uniform         | 
1384 | [207600, 207749]          | 0          | Uniform         | 
1385 | [207750, 207899]          | 0          | Uniform         | 
1386 | [207900, 208049]          | 0          | Uniform         | 
1387 | [208050, 208199]          | 0          | Uniform         | 
1388 | [208200, 208349]          | 0          | Uniform         | 
1389 | [208350, 208499]          | 0          | Uniform         | 
1390 | [208500, 208649]          | 0          | Uniform         | 
1391 | [208650, 208799]          | 0          | Uniform         | 
1392 | [208800, 208949]          | 0          | Uniform         | 
1393 | [208950, 209099]          | 0          | Uniform         | 
1394 | [209100, 209249]          | 0          | Uniform         | 
1395 | [209250, 209399]          | 0          | Uniform         | 
1396 | [209400, 209549]          | 0          | Uniform         | 
1397 | [209550, 209699]          | 0          | Uniform         | 
1398 | [209700, 209849]          | 0          | Uniform         | 
1399 | [209850, 209999]          | 0          | Uniform         | 
1400 | [210000, 210149]          | 0          | Uniform         | 
1401 | [210150, 210299]          | 0          | Uniform         | 
1402 | [210300, 210449]          | 0          | Uniform         | 
1403 | [210450, 210599]          | 0          | Uniform         | 
1404 | [210600, 210749]          | 0          | Uniform         | 
1405 | [210750, 210899]          | 0          | Uniform         | 
1406 | [210900, 211049]          | 0          | Uniform         | 
1407 | [211050, 211199]          | 0          | Uniform         | 
1408 | [211200, 211349]          | 0          | Uniform         | 
1409 | [211350, 211499]          | 0          | Uniform         | 
1410 | [211500, 211649]          | 0          | Uniform         | 
1411 | [211650, 211799]          | 0          | Uniform         | 
1412 | [211800, 211949]          | 0          | Uniform         | 
1413 | [211950, 212099]          | 0          | Uniform         | 
1414 | [212100, 212249]          | 0          | Uniform         | 
1415 | [212250, 212399]          | 0          | Uniform         | 
1416 | [212400, 212549]          | 0          | Uniform         | 
1417 | [212550, 212699]          | 0          | Uniform         | 
1418 | [212700, 212849]          | 0          | Uniform         | 
1419 | [212850, 212999]          | 0          | Uniform         | 
1420 | [213000, 213149]          | 0          | Uniform         | 
1421 | [213150, 213299]          | 0          | Uniform         | 
1422 | [213300, 213449]          | 0          | Uniform         | 
1423 | [213450, 213599]          | 0          | Uniform         | 
1424 | [213600, 213749]          | 0          | Uniform         | 
1425 | [213750, 213899]          | 0          | Uniform         | 
1426 | [213900, 214049]          | 0          | Uniform         | 
1427 | [214050, 214199]          | 0          | Uniform         | 
1428 | [214200, 214349]          | 0          | Uniform         | 
1429 | [214350, 214499]          | 0          | Uniform         | 
1430 | [214500, 214649]          | 0          | Uniform         | 
1431 | [214650, 214799]          | 0          | Uniform         | 
1432 | [214800, 214949]          | 0          | Uniform         | 
1433 | [214950, 215099]          | 0          | Uniform         | 
1434 | [215100, 215249]          | 0          | Uniform         | 
1435 | [215250, 215399]          | 0          | Uniform         | 
1436 | [215400, 215549]          | 0          | Uniform         | 
1437 | [215550, 215699]          | 0          | Uniform         | 
1438 | [215700, 215849]          | 0          | Uniform         | 
1439 | [215850, 215999]          | 0          | Uniform         | 
1440 | [216000, 216149]          | 0          | Uniform         | 
1441 | [216150, 216299]          | 0          | Uniform         | 
1442 | [216300, 216449]          | 0          | Uniform         | 
1443 | [216450, 216599]          | 0          | Uniform         | 
1444 | [216600, 216749]          | 0          | Uniform         | 
1445 | [216750, 216899]          | 0          | Uniform         | 
1446 | [216900, 217049]          | 0          | Uniform         | 
1447 | [217050, 217199]          | 0          | Uniform         | 
1448 | [217200, 217349]          | 0          | Uniform         | 
1449 | [217350, 217499]          | 0          | Uniform         | 
1450 | [217500, 217649]          | 0          | Uniform         | 
1451 | [217650, 217799]          | 0          | Uniform         | 
1452 | [217800, 217949]          | 0          | Uniform         | 
1453 | [217950, 218099]          | 0          | Uniform         | 
1454 | [218100, 218249]          | 0          | Uniform         | 
1455 | [218250, 218399]          | 0          | Uniform         | 
1456 | [218400, 218549]          | 0          | Uniform         | 
1457 | [218550, 218699]          | 0          | Uniform         | 
1458 | [218700, 218849]          | 0          | Uniform         | 
1459 | [218850, 218999]          | 0          | Uniform         | 
1460 | [219000, 219149]          | 0          | Uniform         | 
1461 | [219150, 219299]          | 0          | Uniform         | 
1462 | [219300, 219449]          | 0          | Uniform         | 
1463 | [219450, 219599]          | 0          | Uniform         | 
1464 | [219600, 219749]          | 0          | Uniform         | 
1465 | [219750, 219899]          | 0          | Uniform         | 
1466 | [219900, 220049]          | 0          | Uniform         | 
1467 | [220050, 220199]          | 0          | Uniform         | 
1468 | [220200, 220349]          | 0          | Uniform         | 
1469 | [220350, 220499]          | 0          | Uniform         | 
1470 | [220500, 220649]          | 0          | Uniform         | 
1471 | [220650, 220799]          | 0          | Uniform         | 
1472 | [220800, 220949]          | 0          | Uniform         | 
1473 | [220950, 221099]          | 0          | Uniform         | 
1474 | [221100, 221249]          | 0          | Uniform         | 
1475 | [221250, 221399]          | 0          | Uniform         | 
1476 | [221400, 221549]          | 0          | Uniform         | 
1477 | [221550, 221699]          | 0          | Uniform         | 
1478 | [221700, 221849]          | 0          | Uniform         | 
1479 | [221850, 221999]          | 0          | Uniform         | 
1480 | [222000, 222149]          | 0          | Uniform         | 
1481 | [222150, 222299]          | 0          | Uniform         | 
1482 | [222300, 222449]          | 0          | Uniform         | 
1483 | [222450, 222599]          | 0          | Uniform         | 
1484 | [222600, 222749]          | 0          | Uniform         | 
1485 | [222750, 222899]          | 0          | Uniform         | 
1486 | [222900, 223049]          | 0          | Uniform         | 
1487 | [223050, 223199]          | 0          | Uniform         | 
1488 | [223200, 223349]          | 0          | Uniform         | 
1489 | [223350, 223499]          | 0          | Uniform         | 
1490 | [223500, 223649]          | 0          | Uniform         | 
1491 | [223650, 223799]          | 0          | Uniform         | 
1492 | [223800, 223949]          | 0          | Uniform         | 
1493 | [223950, 224099]          | 0          | Uniform         | 
1494 | [224100, 224249]          | 0          | Uniform         | 
1495 | [224250, 224399]          | 0          | Uniform         | 
1496 | [224400, 224549]          | 0          | Uniform         | 
1497 | [224550, 224699]          | 0          | Uniform         | 
1498 | [224700, 224849]          | 0          | Uniform         | 
1499 | [224850, 224999]          | 0          | Uniform         | 
1500 | [225000, 225149]          | 0          | Uniform         | 
1501 | [225150, 225299]          | 0          | Uniform         | 
1502 | [225300, 225449]          | 0          | Uniform         | 
1503 | [225450, 225599]          | 0          | Uniform         | 
1504 | [225600, 225749]          | 0          | Uniform         | 
1505 | [225750, 225899]          | 0          | Uniform         | 
1506 | [225900, 226049]          | 0          | Uniform         | 
1507 | [226050, 226199]          | 0          | Uniform         | 
1508 | [226200, 226349]          | 0          | Uniform         | 
1509 | [226350, 226499]          | 0          | Uniform         | 
1510 | [226500, 226649]          | 0          | Uniform         | 
1511 | [226650, 226799]          | 0          | Uniform         | 
1512 | [226800, 226949]          | 0          | Uniform         | 
1513 | [226950, 227099]          | 0          | Uniform         | 
1514 | [227100, 227249]          | 0          | Uniform         | 
1515 | [227250, 227399]          | 0          | Uniform         | 
1516 | [227400, 227549]          | 0          | Uniform         | 
1517 | [227550, 227699]          | 0          | Uniform         | 
1518 | [227700, 227849]          | 0          | Uniform         | 
1519 | [227850, 227999]          | 0          | Uniform         | 
1520 | [228000, 228149]          | 0          | Uniform         | 
1521 | [228150, 228299]          | 0          | Uniform         | 
1522 | [228300, 228449]          | 0          | Uniform         | 
1523 | [228450, 228599]          | 0          | Uniform         | 
1524 | [228600, 228749]          | 0          | Uniform         | 
1525 | [228750, 228899]          | 0          | Uniform         | 
1526 | [228900, 229049]          | 0          | Uniform         | 
1527 | [229050, 229199]          | 0          | Uniform         | 
1528 | [229200, 229349]          | 0          | Uniform         | 
1529 | [229350, 229499]          | 0          | Uniform         | 
1530 | [229500, 229649]          | 0          | Uniform         | 
1531 | [229650, 229799]          | 0          | Uniform         | 
1532 | [229800, 229949]          | 0          | Uniform         | 
1533 | [229950, 230099]          | 0          | Uniform         | 
1534 | [230100, 230249]          | 0          | Uniform         | 
1535 | [230250, 230399]          | 0          | Uniform         | 
1536 | [230400, 230549]          | 0          | Uniform         | 
1537 | [230550, 230699]          | 0          | Uniform         | 
1538 | [230700, 230849]          | 0          | Uniform         | 
1539 | [230850, 230999]          | 0          | Uniform         | 
1540 | [231000, 231149]          | 0          | Uniform         | 
1541 | [231150, 231299]          | 0          | Uniform         | 
1542 | [231300, 231449]          | 0          | Uniform         | 
1543 | [231450, 231599]          | 0          | Uniform         | 
1544 | [231600, 231749]          | 0          | Uniform         | 
1545 | [231750, 231899]          | 0          | Uniform         | 
1546 | [231900, 232049]          | 0          | Uniform         | 
1547 | [232050, 232199]          | 0          | Uniform         | 
1548 | [232200, 232349]          | 0          | Uniform         | 
1549 | [232350, 232499]          | 0          | Uniform         | 
1550 | [232500, 232649]          | 0          | Uniform         | 
1551 | [232650, 232799]          | 0          | Uniform         | 
1552 | [232800, 232949]          | 0          | Uniform         | 
1553 | [232950, 233099]          | 0          | Uniform         | 
1554 | [233100, 233249]          | 0          | Uniform         | 
1555 | [233250, 233399]          | 0          | Uniform         | 
1556 | [233400, 233549]          | 0          | Uniform         | 
1557 | [233550, 233699]          | 0          | Uniform         | 
1558 | [233700, 233849]          | 0          | Uniform         | 
1559 | [233850, 233999]          | 0          | Uniform         | 
1560 | [234000, 234149]          | 0          | Uniform         | 
1561 | [234150, 234299]          | 0          | Uniform         | 
1562 | [234300, 234449]          | 0          | Uniform         | 
1563 | [234450, 234599]          | 0          | Uniform         | 
1564 | [234600, 234749]          | 0          | Uniform         | 
1565 | [234750, 234899]          | 0          | Uniform         | 
1566 | [234900, 235049]          | 0          | Uniform         | 
1567 | [235050, 235199]          | 0          | Uniform         | 
1568 | [235200, 235349]          | 0          | Uniform         | 
1569 | [235350, 235499]          | 0          | Uniform         | 
1570 | [235500, 235649]          | 0          | Uniform         | 
1571 | [235650, 235799]          | 0          | Uniform         | 
1572 | [235800, 235949]          | 0          | Uniform         | 
1573 | [235950, 236099]          | 0          | Uniform         | 
1574 | [236100, 236249]          | 0          | Uniform         | 
1575 | [236250, 236399]          | 0          | Uniform         | 
1576 | [236400, 236549]          | 0          | Uniform         | 
1577 | [236550, 236699]          | 0          | Uniform         | 
1578 | [236700, 236849]          | 0          | Uniform         | 
1579 | [236850, 236999]          | 0          | Uniform         | 
1580 | [237000, 237149]          | 0          | Uniform         | 
1581 | [237150, 237299]          | 0          | Uniform         | 
1582 | [237300, 237449]          | 0          | Uniform         | 
1583 | [237450, 237599]          | 0          | Uniform         | 
1584 | [237600, 237749]          | 0          | Uniform         | 
1585 | [237750, 237899]          | 0          | Uniform         | 
1586 | [237900, 238049]          | 0          | Uniform         | 
1587 | [238050, 238199]          | 0          | Uniform         | 
1588 | [238200, 238349]          | 0          | Uniform         | 
1589 | [238350, 238499]          | 0          | Uniform         | 
1590 | [238500, 238649]          | 0          | Uniform         | 
1591 | [238650, 238799]          | 0          | Uniform         | 
1592 | [238800, 238949]          | 0          | Uniform         | 
1593 | [238950, 239099]          | 0          | Uniform         | 
1594 | [239100, 239249]          | 0          | Uniform         | 
1595 | [239250, 239399]          | 0          | Uniform         | 
1596 | [239400, 239549]          | 0          | Uniform         | 
1597 | [239550, 239699]          | 0          | Uniform         | 
1598 | [239700, 239849]          | 0          | Uniform         | 
1599 | [239850, 239999]          | 0          | Uniform         | 
1600 | [240000, 240149]          | 0          | Uniform         | 
1601 | [240150, 240299]          | 0          | Uniform         | 
1602 | [240300, 240449]          | 0          | Uniform         | 
1603 | [240450, 240599]          | 0          | Uniform         | 
1604 | [240600, 240749]          | 0          | Uniform         | 
1605 | [240750, 240899]          | 0          | Uniform         | 
1606 | [240900, 241049]          | 0          | Uniform         | 
1607 | [241050, 241199]          | 0          | Uniform         | 
1608 | [241200, 241349]          | 0          | Uniform         | 
1609 | [241350, 241499]          | 0          | Uniform         | 
1610 | [241500, 241649]          | 0          | Uniform         | 
1611 | [241650, 241799]          | 0          | Uniform         | 
1612 | [241800, 241949]          | 0          | Uniform         | 
1613 | [241950, 242099]          | 0          | Uniform         | 
1614 | [242100, 242249]          | 0          | Uniform         | 
1615 | [242250, 242399]          | 0          | Uniform         | 
1616 | [242400, 242549]          | 0          | Uniform         | 
1617 | [242550, 242699]          | 0          | Uniform         | 
1618 | [242700, 242849]          | 0          | Uniform         | 
1619 | [242850, 242999]          | 0          | Uniform         | 
1620 | [243000, 243149]          | 0          | Uniform         | 
1621 | [243150, 243299]          | 0          | Uniform         | 
1622 | [243300, 243449]          | 0          | Uniform         | 
1623 | [243450, 243599]          | 0          | Uniform         | 
1624 | [243600, 243749]          | 0          | Uniform         | 
1625 | [243750, 243899]          | 0          | Uniform         | 
1626 | [243900, 244049]          | 0          | Uniform         | 
1627 | [244050, 244199]          | 0          | Uniform         | 
1628 | [244200, 244349]          | 0          | Uniform         | 
1629 | [244350, 244499]          | 0          | Uniform         | 
1630 | [244500, 244649]          | 0          | Uniform         | 
1631 | [244650, 244799]          | 0          | Uniform         | 
1632 | [244800, 244949]          | 0          | Uniform         | 
1633 | [244950, 245099]          | 0          | Uniform         | 
1634 | [245100, 245249]          | 0          | Uniform         | 
1635 | [245250, 245399]          | 0          | Uniform         | 
1636 | [245400, 245549]          | 0          | Uniform         | 
1637 | [245550, 245699]          | 0          | Uniform         | 
1638 | [245700, 245849]          | 0          | Uniform         | 
1639 | [245850, 245999]          | 0          | Uniform         | 
1640 | [246000, 246149]          | 0          | Uniform         | 
1641 | [246150, 246299]          | 0          | Uniform         | 
1642 | [246300, 246449]          | 0          | Uniform         | 
1643 | [246450, 246599]          | 0          | Uniform         | 
1644 | [246600, 246749]          | 0          | Uniform         | 
1645 | [246750, 246899]          | 0          | Uniform         | 
1646 | [246900, 247049]          | 0          | Uniform         | 
1647 | [247050, 247199]          | 0          | Uniform         | 
1648 | [247200, 247349]          | 0          | Uniform         | 
1649 | [247350, 247499]          | 0          | Uniform         | 
1650 | [247500, 247649]          | 0          | Uniform         | 
1651 | [247650, 247799]          | 0          | Uniform         | 
1652 | [247800, 247949]          | 0          | Uniform         | 
1653 | [247950, 248099]          | 0          | Uniform         | 
1654 | [248100, 248249]          | 0          | Uniform         | 
1655 | [248250, 248399]          | 0          | Uniform         | 
1656 | [248400, 248549]          | 0          | Uniform         | 
1657 | [248550, 248699]          | 0          | Uniform         | 
1658 | [248700, 248849]          | 0          | Uniform         | 
1659 | [248850, 248999]          | 0          | Uniform         | 
1660 | [249000, 249149]          | 0          | Uniform         | 
1661 | [249150, 249299]          | 0          | Uniform         | 
1662 | [249300, 249449]          | 0          | Uniform         | 
1663 | [249450, 249599]          | 0          | Uniform         | 
1664 | [249600, 249749]          | 0          | Uniform         | 
1665 | [249750, 249899]          | 0          | Uniform         | 
1666 | [249900, 250049]          | 0          | Uniform         | 
1667 | [250050, 250199]          | 0          | Uniform         | 
1668 | [250200, 250349]          | 0          | Uniform         | 
1669 | [250350, 250499]          | 0          | Uniform         | 
1670 | [250500, 250649]          | 0          | Uniform         | 
1671 | [250650, 250799]          | 0          | Uniform         | 
1672 | [250800, 250949]          | 0          | Uniform         | 
1673 | [250950, 251099]          | 0          | Uniform         | 
1674 | [251100, 251249]          | 0          | Uniform         | 
1675 | [251250, 251399]          | 0          | Uniform         | 
1676 | [251400, 251549]          | 0          | Uniform         | 
1677 | [251550, 251699]          | 0          | Uniform         | 
1678 | [251700, 251849]          | 0          | Uniform         | 
1679 | [251850, 251999]          | 0          | Uniform         | 
1680 | [252000, 252149]          | 0          | Uniform         | 
1681 | [252150, 252299]          | 0          | Uniform         | 
1682 | [252300, 252449]          | 0          | Uniform         | 
1683 | [252450, 252599]          | 0          | Uniform         | 
1684 | [252600, 252749]          | 0          | Uniform         | 
1685 | [252750, 252899]          | 0          | Uniform         | 
1686 | [252900, 253049]          | 0          | Uniform         | 
1687 | [253050, 253199]          | 0          | Uniform         | 
1688 | [253200, 253349]          | 0          | Uniform         | 
1689 | [253350, 253499]          | 0          | Uniform         | 
1690 | [253500, 253649]          | 0          | Uniform         | 
1691 | [253650, 253799]          | 0          | Uniform         | 
1692 | [253800, 253949]          | 0          | Uniform         | 
1693 | [253950, 254099]          | 0          | Uniform         | 
1694 | [254100, 254249]          | 0          | Uniform         | 
1695 | [254250, 254399]          | 0          | Uniform         | 
1696 | [254400, 254549]          | 0          | Uniform         | 
1697 | [254550, 254699]          | 0          | Uniform         | 
1698 | [254700, 254849]          | 0          | Uniform         | 
1699 | [254850, 254999]          | 0          | Uniform         | 
1700 | [255000, 255149]          | 0          | Uniform         | 
1701 | [255150, 255299]          | 0          | Uniform         | 
1702 | [255300, 255449]          | 0          | Uniform         | 
1703 | [255450, 255599]          | 0          | Uniform         | 
1704 | [255600, 255749]          | 0          | Uniform         | 
1705 | [255750, 255899]          | 0          | Uniform         | 
1706 | [255900, 256049]          | 0          | Uniform         | 
1707 | [256050, 256199]          | 0          | Uniform         | 
1708 | [256200, 256349]          | 0          | Uniform         | 
1709 | [256350, 256499]          | 0          | Uniform         | 
1710 | [256500, 256649]          | 0          | Uniform         | 
1711 | [256650, 256799]          | 0          | Uniform         | 
1712 | [256800, 256949]          | 0          | Uniform         | 
1713 | [256950, 257099]          | 0          | Uniform         | 
1714 | [257100, 257249]          | 0          | Uniform         | 
1715 | [257250, 257399]          | 0          | Uniform         | 
1716 | [257400, 257549]          | 0          | Uniform         | 
1717 | [257550, 257699]          | 0          | Uniform         | 
1718 | [257700, 257849]          | 0          | Uniform         | 
1719 | [257850, 257999]          | 0          | Uniform         | 
1720 | [258000, 258149]          | 0          | Uniform         | 
1721 | [258150, 258299]          | 0          | Uniform         | 
1722 | [258300, 258449]          | 0          | Uniform         | 
1723 | [258450, 258599]          | 0          | Uniform         | 
1724 | [258600, 258749]          | 0          | Uniform         | 
1725 | [258750, 258899]          | 0          | Uniform         | 
1726 | [258900, 259049]          | 0          | Uniform         | 
1727 | [259050, 259199]          | 0          | Uniform         | 
1728 | [259200, 259349]          | 0          | Uniform         | 
1729 | [259350, 259499]          | 0          | Uniform         | 
1730 | [259500, 259649]          | 0          | Uniform         | 
1731 | [259650, 259799]          | 0          | Uniform         | 
1732 | [259800, 259949]          | 0          | Uniform         | 
1733 | [259950, 260099]          | 0          | Uniform         | 
1734 | [260100, 260249]          | 0          | Uniform         | 
1735 | [260250, 260399]          | 0          | Uniform         | 
1736 | [260400, 260549]          | 0          | Uniform         | 
1737 | [260550, 260699]          | 0          | Uniform         | 
1738 | [260700, 260849]          | 0          | Uniform         | 
1739 | [260850, 260999]          | 0          | Uniform         | 
1740 | [261000, 261149]          | 0          | Uniform         | 
1741 | [261150, 261299]          | 0          | Uniform         | 
1742 | [261300, 261449]          | 0          | Uniform         | 
1743 | [261450, 261599]          | 0          | Uniform         | 
1744 | [261600, 261749]          | 0          | Uniform         | 
1745 | [261750, 261899]          | 0          | Uniform         | 
1746 | [261900, 262049]          | 0          | Uniform         | 
1747 | [262050, 262199]          | 0          | Uniform         | 
1748 | [262200, 262349]          | 0          | Uniform         | 
1749 | [262350, 262499]          | 0          | Uniform         | 
1750 | [262500, 262649]          | 0          | Uniform         | 
1751 | [262650, 262799]          | 0          | Uniform         | 
1752 | [262800, 262949]          | 0          | Uniform         | 
1753 | [262950, 263099]          | 0          | Uniform         | 
1754 | [263100, 263249]          | 0          | Uniform         | 
1755 | [263250, 263399]          | 0          | Uniform         | 
1756 | [263400, 263549]          | 0          | Uniform         | 
1757 | [263550, 263699]          | 0          | Uniform         | 
1758 | [263700, 263849]          | 0          | Uniform         | 
1759 | [263850, 263999]          | 0          | Uniform         | 
1760 | [264000, 264149]          | 0          | Uniform         | 
1761 | [264150, 264299]          | 0          | Uniform         | 
1762 | [264300, 264449]          | 0          | Uniform         | 
1763 | [264450, 264599]          | 0          | Uniform         | 
1764 | [264600, 264749]          | 0          | Uniform         | 
1765 | [264750, 264899]          | 0          | Uniform         | 
1766 | [264900, 265049]          | 0          | Uniform         | 
1767 | [265050, 265199]          | 0          | Uniform         | 
1768 | [265200, 265349]          | 0          | Uniform         | 
1769 | [265350, 265499]          | 0          | Uniform         | 
1770 | [265500, 265649]          | 0          | Uniform         | 
1771 | [265650, 265799]          | 0          | Uniform         | 
1772 | [265800, 265949]          | 0          | Uniform         | 
1773 | [265950, 266099]          | 0          | Uniform         | 
1774 | [266100, 266249]          | 0          | Uniform         | 
1775 | [266250, 266399]          | 0          | Uniform         | 
1776 | [266400, 266549]          | 0          | Uniform         | 
1777 | [266550, 266699]          | 0          | Uniform         | 
1778 | [266700, 266849]          | 0          | Uniform         | 
1779 | [266850, 266999]          | 0          | Uniform         | 
1780 | [267000, 267149]          | 0          | Uniform         | 
1781 | [267150, 267299]          | 0          | Uniform         | 
1782 | [267300, 267449]          | 0          | Uniform         | 
1783 | [267450, 267599]          | 0          | Uniform         | 
1784 | [267600, 267749]          | 0          | Uniform         | 
1785 | [267750, 267899]          | 0          | Uniform         | 
1786 | [267900, 268049]          | 0          | Uniform         | 
1787 | [268050, 268199]          | 0          | Uniform         | 
1788 | [268200, 268349]          | 0          | Uniform         | 
1789 | [268350, 268499]          | 0          | Uniform         | 
1790 | [268500, 268649]          | 0          | Uniform         | 
1791 | [268650, 268799]          | 0          | Uniform         | 
1792 | [268800, 268949]          | 0          | Uniform         | 
1793 | [268950, 269099]          | 0          | Uniform         | 
1794 | [269100, 269249]          | 0          | Uniform         | 
1795 | [269250, 269399]          | 0          | Uniform         | 
1796 | [269400, 269549]          | 0          | Uniform         | 
1797 | [269550, 269699]          | 0          | Uniform         | 
1798 | [269700, 269849]          | 0          | Uniform         | 
1799 | [269850, 269999]          | 0          | Uniform         | 
1800 | [270000, 270149]          | 0          | Uniform         | 
1801 | [270150, 270299]          | 0          | Uniform         | 
1802 | [270300, 270449]          | 0          | Uniform         | 
1803 | [270450, 270599]          | 0          | Uniform         | 
1804 | [270600, 270749]          | 0          | Uniform         | 
1805 | [270750, 270899]          | 0          | Uniform         | 
1806 | [270900, 271049]          | 0          | Uniform         | 
1807 | [271050, 271199]          | 0          | Uniform         | 
1808 | [271200, 271349]          | 0          | Uniform         | 
1809 | [271350, 271499]          | 0          | Uniform         | 
1810 | [271500, 271649]          | 0          | Uniform         | 
1811 | [271650, 271799]          | 0          | Uniform         | 
1812 | [271800, 271949]          | 0          | Uniform         | 
1813 | [271950, 272099]          | 0          | Uniform         | 
1814 | [272100, 272249]          | 0          | Uniform         | 
1815 | [272250, 272399]          | 0          | Uniform         | 
1816 | [272400, 272549]          | 0          | Uniform         | 
1817 | [272550, 272699]          | 0          | Uniform         | 
1818 | [272700, 272849]          | 0          | Uniform         | 
1819 | [272850, 272999]          | 0          | Uniform         | 
1820 | [273000, 273149]          | 0          | Uniform         | 
1821 | [273150, 273299]          | 0          | Uniform         | 
1822 | [273300, 273449]          | 0          | Uniform         | 
1823 | [273450, 273599]          | 0          | Uniform         | 
1824 | [273600, 273749]          | 0          | Uniform         | 
1825 | [273750, 273899]          | 0          | Uniform         | 
1826 | [273900, 274049]          | 0          | Uniform         | 
1827 | [274050, 274199]          | 0          | Uniform         | 
1828 | [274200, 274349]          | 0          | Uniform         | 
1829 | [274350, 274499]          | 0          | Uniform         | 
1830 | [274500, 274649]          | 0          | Uniform         | 
1831 | [274650, 274799]          | 0          | Uniform         | 
1832 | [274800, 274949]          | 0          | Uniform         | 
1833 | [274950, 275099]          | 0          | Uniform         | 
1834 | [275100, 275249]          | 0          | Uniform         | 
1835 | [275250, 275399]          | 0          | Uniform         | 
1836 | [275400, 275549]          | 0          | Uniform         | 
1837 | [275550, 275699]          | 0          | Uniform         | 
1838 | [275700, 275849]          | 0          | Uniform         | 
1839 | [275850, 275999]          | 0          | Uniform         | 
1840 | [276000, 276149]          | 0          | Uniform         | 
1841 | [276150, 276299]          | 0          | Uniform         | 
1842 | [276300, 276449]          | 0          | Uniform         | 
1843 | [276450, 276599]          | 0          | Uniform         | 
1844 | [276600, 276749]          | 0          | Uniform         | 
1845 | [276750, 276899]          | 0          | Uniform         | 
1846 | [276900, 277049]          | 0          | Uniform         | 
1847 | [277050, 277199]          | 0          | Uniform         | 
1848 | [277200, 277349]          | 0          | Uniform         | 
1849 | [277350, 277499]          | 0          | Uniform         | 
1850 | [277500, 277649]          | 0          | Uniform         | 
1851 | [277650, 277799]          | 0          | Uniform         | 
1852 | [277800, 277949]          | 0          | Uniform         | 
1853 | [277950, 278099]          | 0          | Uniform         | 
1854 | [278100, 278249]          | 0          | Uniform         | 
1855 | [278250, 278399]          | 0          | Uniform         | 
1856 | [278400, 278549]          | 0          | Uniform         | 
1857 | [278550, 278699]          | 0          | Uniform         | 
1858 | [278700, 278849]          | 0          | Uniform         | 
1859 | [278850, 278999]          | 0          | Uniform         | 
1860 | [279000, 279149]          | 0          | Uniform         | 
1861 | [279150, 279299]          | 0          | Uniform         | 
1862 | [279300, 279449]          | 0          | Uniform         | 
1863 | [279450, 279599]          | 0          | Uniform         | 
1864 | [279600, 279749]          | 0          | Uniform         | 
1865 | [279750, 279899]          | 0          | Uniform         | 
1866 | [279900, 280049]          | 0          | Uniform         | 
1867 | [280050, 280199]          | 0          | Uniform         | 
1868 | [280200, 280349]          | 0          | Uniform         | 
1869 | [280350, 280499]          | 0          | Uniform         | 
1870 | [280500, 280649]          | 0          | Uniform         | 
1871 | [280650, 280799]          | 0          | Uniform         | 
1872 | [280800, 280949]          | 0          | Uniform         | 
1873 | [280950, 281099]          | 0          | Uniform         | 
1874 | [281100, 281249]          | 0          | Uniform         | 
1875 | [281250, 281399]          | 0          | Uniform         | 
1876 | [281400, 281549]          | 0          | Uniform         | 
1877 | [281550, 281699]          | 0          | Uniform         | 
1878 | [281700, 281849]          | 0          | Uniform         | 
1879 | [281850, 281999]          | 0          | Uniform         | 
1880 | [282000, 282149]          | 0          | Uniform         | 
1881 | [282150, 282299]          | 0          | Uniform         | 
1882 | [282300, 282449]          | 0          | Uniform         | 
1883 | [282450, 282599]          | 0          | Uniform         | 
1884 | [282600, 282749]          | 0          | Uniform         | 
1885 | [282750, 282899]          | 0          | Uniform         | 
1886 | [282900, 283049]          | 0          | Uniform         | 
1887 | [283050, 283199]          | 0          | Uniform         | 
1888 | [283200, 283349]          | 0          | Uniform         | 
1889 | [283350, 283499]          | 0          | Uniform         | 
1890 | [283500, 283649]          | 0          | Uniform         | 
1891 | [283650, 283799]          | 0          | Uniform         | 
1892 | [283800, 283949]          | 0          | Uniform         | 
1893 | [283950, 284099]          | 0          | Uniform         | 
1894 | [284100, 284249]          | 0          | Uniform         | 
1895 | [284250, 284399]          | 0          | Uniform         | 
1896 | [284400, 284549]          | 0          | Uniform         | 
1897 | [284550, 284699]          | 0          | Uniform         | 
1898 | [284700, 284849]          | 0          | Uniform         | 
1899 | [284850, 284999]          | 0          | Uniform         | 
1900 | [285000, 285149]          | 0          | Uniform         | 
1901 | [285150, 285299]          | 0          | Uniform         | 
1902 | [285300, 285449]          | 0          | Uniform         | 
1903 | [285450, 285599]          | 0          | Uniform         | 
1904 | [285600, 285749]          | 0          | Uniform         | 
1905 | [285750, 285899]          | 0          | Uniform         | 
1906 | [285900, 286049]          | 0          | Uniform         | 
1907 | [286050, 286199]          | 0          | Uniform         | 
1908 | [286200, 286349]          | 0          | Uniform         | 
1909 | [286350, 286499]          | 0          | Uniform         | 
1910 | [286500, 286649]          | 0          | Uniform         | 
1911 | [286650, 286799]          | 0          | Uniform         | 
1912 | [286800, 286949]          | 0          | Uniform         | 
1913 | [286950, 287099]          | 0          | Uniform         | 
1914 | [287100, 287249]          | 0          | Uniform         | 
1915 | [287250, 287399]          | 0          | Uniform         | 
1916 | [287400, 287549]          | 0          | Uniform         | 
1917 | [287550, 287699]          | 0          | Uniform         | 
1918 | [287700, 287849]          | 0          | Uniform         | 
1919 | [287850, 287999]          | 0          | Uniform         | 
1920 | [288000, 288149]          | 0          | Uniform         | 
1921 | [288150, 288299]          | 0          | Uniform         | 
1922 | [288300, 288449]          | 0          | Uniform         | 
1923 | [288450, 288599]          | 0          | Uniform         | 
1924 | [288600, 288749]          | 0          | Uniform         | 
1925 | [288750, 288899]          | 0          | Uniform         | 
1926 | [288900, 289049]          | 0          | Uniform         | 
1927 | [289050, 289199]          | 0          | Uniform         | 
1928 | [289200, 289349]          | 0          | Uniform         | 
1929 | [289350, 289499]          | 0          | Uniform         | 
1930 | [289500, 289649]          | 0          | Uniform         | 
1931 | [289650, 289799]          | 0          | Uniform         | 
1932 | [289800, 289949]          | 0          | Uniform         | 
1933 | [289950, 290099]          | 0          | Uniform         | 
1934 | [290100, 290249]          | 0          | Uniform         | 
1935 | [290250, 290399]          | 0          | Uniform         | 
1936 | [290400, 290549]          | 0          | Uniform         | 
1937 | [290550, 290699]          | 0          | Uniform         | 
1938 | [290700, 290849]          | 0          | Uniform         | 
1939 | [290850, 290999]          | 0          | Uniform         | 
1940 | [291000, 291149]          | 0          | Uniform         | 
1941 | [291150, 291299]          | 0          | Uniform         | 
1942 | [291300, 291449]          | 0          | Uniform         | 
1943 | [291450, 291599]          | 0          | Uniform         | 
1944 | [291600, 291749]          | 0          | Uniform         | 
1945 | [291750, 291899]          | 0          | Uniform         | 
1946 | [291900, 292049]          | 0          | Uniform         | 
1947 | [292050, 292199]          | 0          | Uniform         | 
1948 | [292200, 292349]          | 0          | Uniform         | 
1949 | [292350, 292499]          | 0          | Uniform         | 
1950 | [292500, 292649]          | 0          | Uniform         | 
1951 | [292650, 292799]          | 0          | Uniform         | 
1952 | [292800, 292949]          | 0          | Uniform         | 
1953 | [292950, 293099]          | 0          | Uniform         | 
1954 | [293100, 293249]          | 0          | Uniform         | 
1955 | [293250, 293399]          | 0          | Uniform         | 
1956 | [293400, 293549]          | 0          | Uniform         | 
1957 | [293550, 293699]          | 0          | Uniform         | 
1958 | [293700, 293849]          | 0          | Uniform         | 
1959 | [293850, 293999]          | 0          | Uniform         | 
1960 | [294000, 294149]          | 0          | Uniform         | 
1961 | [294150, 294299]          | 0          | Uniform         | 
1962 | [294300, 294449]          | 0          | Uniform         | 
1963 | [294450, 294599]          | 0          | Uniform         | 
1964 | [294600, 294749]          | 0          | Uniform         | 
1965 | [294750, 294899]          | 0          | Uniform         | 
1966 | [294900, 295049]          | 0          | Uniform         | 
1967 | [295050, 295199]          | 0          | Uniform         | 
1968 | [295200, 295349]          | 0          | Uniform         | 
1969 | [295350, 295499]          | 0          | Uniform         | 
1970 | [295500, 295649]          | 0          | Uniform         | 
1971 | [295650, 295799]          | 0          | Uniform         | 
1972 | [295800, 295949]          | 0          | Uniform         | 
1973 | [295950, 296099]          | 0          | Uniform         | 
1974 | [296100, 296249]          | 0          | Uniform         | 
1975 | [296250, 296399]          | 0          | Uniform         | 
1976 | [296400, 296549]          | 0          | Uniform         | 
1977 | [296550, 296699]          | 0          | Uniform         | 
1978 | [296700, 296849]          | 0          | Uniform         | 
1979 | [296850, 296999]          | 0          | Uniform         | 
1980 | [297000, 297149]          | 0          | Uniform         | 
1981 | [297150, 297299]          | 0          | Uniform         | 
1982 | [297300, 297449]          | 0          | Uniform         | 
1983 | [297450, 297599]          | 0          | Uniform         | 
1984 | [297600, 297749]          | 0          | Uniform         | 
1985 | [297750, 297899]          | 0          | Uniform         | 
1986 | [297900, 298049]          | 0          | Uniform         | 
1987 | [298050, 298199]          | 0          | Uniform         | 
1988 | [298200, 298349]          | 0          | Uniform         | 
1989 | [298350, 298499]          | 0          | Uniform         | 
1990 | [298500, 298649]          | 0          | Uniform         | 
1991 | [298650, 298799]          | 0          | Uniform         | 
1992 | [298800, 298949]          | 0          | Uniform         | 
1993 | [298950, 299099]          | 0          | Uniform         | 
1994 | [299100, 299249]          | 0          | Uniform         | 
1995 | [299250, 299399]          | 0          | Uniform         | 
1996 | [299400, 299549]          | 0          | Uniform         | 
1997 | [299550, 299699]          | 0          | Uniform         | 
1998 | [299700, 299849]          | 0          | Uniform         | 
1999 | [299850, 299998]          | 0          | Uniform         | 
================================================================================
